,,Lower Rank,%,Upper Rank,%,G Ranked,%
.,Lynian,,,,,,
.,Shakalaka,ShakalakaTreasre,37,ShakalakaTreasre,37,ShakalakaTreasre,37
.,,ShakalakaTrsure+,5,ShakalakaTrsure+,5,ShakalakaTrsure+,5
.,,Select Mushroom,25,Select Mushroom,25,Select Mushroom,25
.,,Armor Sphere+,12,Armor Sphere+,12,Armor Sphere+,12
.,,Hrd Armor Sphere,8,Hrd Armor Sphere,8,Hrd Armor Sphere,8
.,,Hvy Armor Sphere,1,Hvy Armor Sphere,1,Hvy Armor Sphere,1
.,,BattlefieldJewel,8,BattlefieldJewel,8,BattlefieldJewel,8
.,,LapislazuliJewel,4,LapislazuliJewel,4,LapislazuliJewel,4
.,King Shakalaka,ShakalakaTreasre,55,ShakalakaTreasre,38,ShakalakaTreasre,20
.,,Armor Sphere,5,ShakaInheritance,20,ShakaInheritance,25
.,,Armor Sphere+,15,Armor Sphere+,14,ShakalakaTrsure+,18
.,,Suiko Jewel,5,Armor Sphere,10,Hrd Armor Sphere,10
.,,Akito Jewel,10,BattlefieldJewel,10,Hvy Armor Sphere,3
.,,BattlefieldJewel,10,LapislazuliJewel,8,King Armor Sphre,2
.,Neopteron,,,,,,
.,Vespoid,Monster Fluid,17,Monster Broth,10,Monster Broth+,18
.,,Vespoid Shell,47,Monster Fluid,15,Monster Broth,17
.,,Vespoid Wing,36,Vespoid Carapace,40,Vespoid Carapace,25
,,,,,,,
.,,,,Vespoid Wing,20,Vespoid InnrWng,20
.,,,,Vespoid InnrWng,15,Vespoid RazrWng,20
.,Queen Vespoid,Vespoid Shell,60,Vespoid Abdomen,80,Vespoid Abdomen,20
.,,Vespoid Abdomen,20,Monster Broth,20,QueenVespoidShl,50
.,,Monster Fluid,20,,,Monster Broth+,30
.,Hornetaur,Monster Fluid,20,Monster Broth,19,Monster Broth+,18
.,,Hornetaur Shell,40,Hornetaur Carpce,40,Monster Broth,17
.,,Hornetaur Wing,32,Hornetaur Wing,8,Hornetaur Carpce,20
.,,Hornetaur Head,8,HornetaurInnrWng,15,HornetaurInnrWng,20
.,,,,Hornetaur Head,18,HorneturRazrWng,20
.,,,,,,Hornetaur Head,5
.,Great Thunderbug,Thunderbug Juice,50,Thunderbug Juice,70,Thunderbug Juice,10
.,,Thunderbug,30,Thunderbug,10,Thunderbug Jelly,70
.,,Monster Fluid,20,Monster Broth,20,Monster Broth+,20
.,Heribivore,,,,,,
.,Anteka,Raw Meat,18,Raw Meat,10,Raw Meat,10
.,,Anteka Pelt,30,Anteka Pelt,20,Anteka Pelt,23
.,,Anteka Antlers,45,High Qualty Pelt,40,High Qualty Pelt,50
.,,White Liver,7,Anteka Antlers,20,Anteka Antlers,7
.,,,,White Liver,10,White Liver,10
,,,,,,,
.,Popo,Raw Meat,38,Raw Meat,30,Raw Meat,30
.,,Brute Bone,20,Brute Bone,25,Giant Bone,25
.,,Popo Tongue,42,Giant Bone,10,Stout Bone,10
.,,,,Popo Tongue,35,Popo Tongue,35
.,Kelbi,Raw Meat,3,Raw Meat,3,Raw Meat,3
.,,Kelbi Horn,50,Kelbi Horn,35,Kelbi Horn,35
.,,Kelbi Hide,32,Kelbi Hide,22,Kelbi Hide,17
.,,White Liver,15,High Qualty Pelt,25,High Qualty Pelt,35
.,,,,White Liver,15,White Liver,10
.,Mosswine,Special Mushroom,25,Special Mushroom,20,Special Mushroom,20
.,,Blue Mushroom,45,Select Mushroom,10,Select Mushroom,15
.,,Raw Meat,30,Blue Mushroom,42,Blue Mushroom,33
.,,,,Raw Meat,20,Raw Meat,20
.,,,,Mosswine Hide,8,Mosswine Hide,12
.,Aptonoth,Sm Monster Bone,25,Sm Monster Bone,25,Med Monster Bone,25
.,,Raw Meat,75,Raw Meat,75,Raw Meat,75
.,Apceros,Raw Meat,47,Raw Meat,43,Raw Meat,43
.,,Sm Monster Bone,45,Sm Monster Bone,40,Sm Monster Bone,40
.,,Med Monster Bone,8,Med Monster Bone,15,Med Monster Bone,15
.,,,,Monster Bone+,2,Hrd Monster Bone,2
,,,,,,,
.,Bird Wyvern,,,,,,
.,Giaprey,Giaprey Scale,52,Giaprey Scale+,50,Giaprey Scale+,30
.,,Giaprey Hide,30,Giaprey Hide+,40,Giaprey Hide+,20
.,,Sm Monster Bone,18,Sm Monster Bone,10,BirdWyvnStoutBne,50
.,Giadrome,Giaprey Scale,15,Giaprey Scale+,23,Giaprey Scale+,23
.,,Giadrome Hide,30,Giadrome Hide,10,Giadrome Hide,10
.,,Giadrome Claw,53,Giaprey Hide+,20,Giaprey Hide+,20
.,,Giadrome Skull,2,Giadrome Claw+,40,Giadrome Claw+,40
.,,,,Giadrome Skull,7,Giadrome Skull,7
.,Velociprey,Velociprey Fang,40,Velociprey Fang,25,Velociprey Fang,5
.,,Velociprey Scale,29,Velociprey Scl+,40,Velociprey Scl+,25
.,,Velociprey Hide,23,Velociprey Hide+,35,Velociprey Hide+,20
.,,Sm Monster Bone,8,,,BirdWyvnStoutBne,50
.,Velocidrome,Velociprey Scale,15,Velociprey Scl+,23,Velociprey Scl+,23
.,,Velocidrome Hide,30,Velocidrome Hide,10,Velocidrome Hide,10
.,,Velocidrome Claw,53,Velociprey Hide+,20,Velociprey Hide+,20
.,,Velocidrome Head,2,Velocidrome Clw+,40,Velocidrome Clw+,40
.,,,,Velocidrome Head,7,Velocidrome Head,7
.,Genprey,Genprey Fang,42,Genprey Fang,25,Genprey Fang,15
.,,Genprey Scale,33,Genprey Scale+,40,Genprey Scale+,25
,,,,,,,
.,,Genprey Hide,25,Genprey Hide+,35,Genprey Hide+,20
.,,,,,,BirdWyvnStoutBne,40
.,Gendrome,Genprey Scale,15,Genprey Scale+,20,Genprey Scale+,20
.,,Gendrome Hide,48,Gendrome Hide,5,Gendrome Hide,5
.,,Paralysis Sac,35,Genprey Hide+,15,Genprey Hide+,15
.,,Gendrome Skull,2,Paralysis Sac,23,Paralysis Sac,23
.,,,,Gendrome Tail,30,Gendrome Tail,30
.,,,,Gendrome Skull,7,Gendrome Skull,7
.,Ioprey,Ioprey Fang,47,Ioprey Fang,35,Ioprey Fang,5
.,,Ioprey Scale,38,Ioprey Scale+,35,Ioprey Scale+,25
.,,Ioprey Hide,15,Ioprey Hide+,30,Ioprey Hide+,20
.,,,,,,BirdWyvnStoutBne,50
.,Iodrome,Ioprey Scale,15,Ioprey Scale+,28,Ioprey Scale+,28
.,,Iodrome Hide,48,Iodrome Hide,10,Iodrome Hide,10
.,,Poison Sac,35,Ioprey Hide+,25,Ioprey Hide+,25
.,,Iodrome Skull,2,Toxin Sac,30,Toxin Sac,30
.,,,,Iodrome Skull,7,Iodrome Skull,7
.,Yian Kut-ku,Kut-Ku Webbing,32,Kut-Ku Webbing,10,Kut-Ku Hrd Wbbng,32
.,,Kut-Ku Shell,50,Kut-Ku Carapace,25,Kut-ku Hvy Cpc,25
.,,Kut-Ku Scale,13,Kut-Ku Scale+,50,Kut-Ku Thck Scl,33
,,,,,,,
.,,Giant Beak,5,Giant Beak,10,Splendid Beak,10
.,,,,Splendid Beak,5,,
.,Blue Yian Kut-ku,Kut-Ku Webbing,15,Kut-Ku Webbing,10,Kut-Ku Hrd Wbbng,32
.,,Blue Kut-Ku Shl,35,Blue Kut-Ku Cpc,25,BlueKut-KuHvyCpc,25
.,,Blue Kut-Ku Scl,45,Blue Kut-Ku Scl+,50,BlueKut-KuThkScl,33
.,,Giant Beak,5,Giant Beak,10,Splendid Beak,10
.,Yian Garuga,Garuga Scale,64,Garuga Scale+,64,Garuga Scale G,64
.,,Garuga Shell,28,Garuga Carapace,28,Garuga Hvy Cpc,28
.,,Garuga Mane,7,Garuga Mane,5,Garuga Slvr Mane,7
.,,Garuga Wing,1,Garuga Wing,3,Garuga StrngWng,1
.,Yian Garuga Tail,Garuga Tail,80,Garuga Tail,70,Garuga Tail +,80
.,,Garuga Scale,20,Garuga Scale,10,Garuga Scale+,10
.,,,,Garuga Scale+,20,Garuga Scale G,10
.,Gypceros,Power Extract,20,Power Extract,23,Power Extract,18
.,,Rubbery Hide,61,Rubbery Hide+,43,Rubbery Hide G,43
.,,Poison Sac,10,Toxin Sac,18,Venom Sac,23
.,,Light Crystal,8,Nova Crystal,8,Pure Crystal,3
.,,Gypceros Head,1,Light Crystal,3,Nova Crystal,8
.,,,,Gypceros Head,5,Gypceros HrdHead,5
.,Purple Gypceros,Power Extract,20,Power Extract,23,Power Extract,18
,,,,,,,
.,,Pur Rubbery Hide,61,Pur GypcerosWng,43,Pur Gyp StrngWng,43
.,,Poison Sac,10,Toxin Sac,18,Venom Sac,23
.,,Light Crystal,8,Light Crystal,8,Pure Crystal,3
.,,Gypceros Head,1,Nova Crystal,3,Nova Crystal,8
.,,,,Pur Rubbery Hide,5,Gypceros HrdHead,5
.,Hypnoc,Hypnoc Feather,30,Hypnoc Feather,32,Hypnoc Feather,12
.,,Hypnoc Claw+,40,Hypnoc Claw+,40,Hypnoc Feather+,28
.,,Sleep Sac,30,HypncGizzardStne,4,Hypnoc Claw+,10
.,,,,Sleep Sac,24,Hypnoc StrngClaw,30
.,,,,,,HypncGizzardStne,8
.,,,,,,HypncGizzardStn+,4
.,,,,,,Sleep Sac,8
.,Wyvern,,,,,,
.,Remobra,Remobra Skull,4,Remobra Skull,10,Remobra Skull,20
.,,Remobra Skin,56,Remobra Skin,50,Remobra Skin+,10
.,,Striped Skin,40,Striped Skin,18,Striped Skin,20
.,,,,Remobra Skin+,22,Remobra Skin G,50
.,Rathian,FireWyvern Fluid,10,Rathian Scale+,45,Rathian Thck Scl,45
.,,Rathian Scale,49,Rathian Carapace,26,Rathian Hvy Cpc,26
.,,Rathian Shell,30,Rathian Spike,8,Rathian Spike+,8
,,,,,,,
.,,Rathian Spike,2,Rathian Spike+,2,Rathian Spike G,2
.,,Flame Sac,8,Inferno Sac,15,Blaze Sac,15
.,,FireWyvrn Marrow,1,FireWyvrn BrnStm,4,FireWyvrn BrnStm,4
.,Rathian Tail,Monster Bone+,6,Rathian Scale+,48,Rathian Thck Scl,48
.,,Rathian Scale,59,Rathian Carapace,26,Rathian Hvy Cpc,32
.,,Rathian Shell,22,Rathian Spike+,8,Rathian Spike G,8
.,,Rathian Spike,8,FireWyvrn BrnStm,4,FireWyvrn BrnStm,4
.,,FireWyvrn Marrow,2,Rathian Plate,12,Rathian Ruby,6
.,,Rathian Plate,3,Rathian Ruby,2,RathianDvnePlate,2
.,Pink Rathian,FireWyvern Fluid,10,PnkRathian Scl+,45,PnkRathianThkScl,45
.,,Pnk Rathian Scl,49,Pnk Rathian Cpc,26,PnkRathianHvyCpc,26
.,,Pnk Rathian Shl,30,Rathian Spike,8,Rathian Spike+,8
.,,Rathian Spike,2,Rathian Spike+,2,Rathian Spike G,2
.,,Flame Sac,6,Inferno Sac,11,Blaze Sac,11
.,,FireWyvrn Marrow,3,FireWyvrn BrnStm,8,FireWyvrn BrnStm,8
.,Pink Rathian Tail,Monster Bone+,6,PnkRathian Scl+,42,PnkRathianThkScl,42
.,,Pnk Rathian Scl,56,Pnk Rathian Cpc,28,PnkRathianHvyCpc,32
.,,Pnk Rathian Shl,22,Rathian Spike+,12,Rathian Spike G,12
.,,Rathian Spike,8,FireWyvrn BrnStm,10,FireWyvrn BrnStm,7
.,,FireWyvrn Marrow,7,Rathian Plate,7,Rathian Ruby,6
,,,,,,,
.,,Rathian Plate,1,Rathian Ruby,1,RathianDvnePlate,1
.,Golden Rathian,,,Gld Rathian Scl+,43,GldRathianThkScl,44
.,,,,Gld Rathian Cpc,29,GldRathianHvyCpc,26
.,,,,Inferno Sac,5,Rathian Spike+,8
.,,,,Rathian Spike,10,GldRathianSpike,5
.,,,,Rathian Spike+,10,Blaze Sac,13
.,,,,FireWyvrn BrnStm,3,FireWyvrn BrnStm,4
.,Golden Rathian Tail,,,Gld Rathian Scl+,45,GldRathianThkScl,48
.,,,,Gld Rathian Cpc,30,GldRathianHvyCpc,32
.,,,,Rathian Spike+,10,GldRathianSpike,8
.,,,,Rathian Plate,10,FireWyvrn BrnStm,4
.,,,,Rathian Ruby,5,Rathian Ruby,6
.,,,,,,RathianDvnePlate,2
.,Rathalos,FireWyvern Fluid,10,Rathalos Scale+,38,Rathalos ThckScl,37
.,,Rathalos Scale,30,Rathalos Carpace,24,Rathalos Hvy Cpc,24
.,,Rathalos Shell,24,Rathalos Webbing,14,RathlosStrngWng,20
.,,Rathalos Webbing,24,Inferno Sac,15,Blaze Sac,15
.,,Flame Sac,8,FireWyvrn BrnStm,4,FireWyvrn BrnStm,4
.,,,,FireWyvrn Marrow,4,Rathalos Wing,5
.,Rathalos Tail,Rathalos Scale,35,Rathalos Scale+,35,Rathalos ThckScl,30
,,,,,,,
.,,Rathalos Tail,38,Rathalos Tail,25,Rathalos HrdTail,38
.,,Rathalos Shell,22,Rathalos Carpace,22,Rathalos Hvy Cpc,20
.,,FireWyvrn Marrow,2,FireWyvrn BrnStm,4,FireWyvrn BrnStm,4
.,,Rathalos Plate,3,Rathalos Plate,12,Rathalos Ruby,6
.,,,,Rathalos Ruby,2,RathlosDvnePlate,2
.,Azure Rathalos,FireWyvern Fluid,10,Azr Rathlos Scl+,38,AzrRathlosThkScl,37
.,,Azr Rathlos Scl,30,Azre Rathlos Cpc,24,AzrRathlosHvyCpc,24
.,,Azre Rathlos Shl,24,Rathalos Webbing,14,RathlosStrngWng,20
.,,Rathalos Webbing,19,Inferno Sac,11,Blaze Sac,11
.,,Flame Sac,10,FireWyvrn BrnStm,8,FireWyvrn BrnStm,8
.,,,,FireWyvrn Marrow,7,Azur Rathlos Wng,5
.,Azure Rathalos Tail,Azr Rathlos Scl,35,Azr Rathlos Scl+,35,AzrRathlosThkScl,30
.,,Azr Rathlos Tail,38,Azr Rathlos Tail,25,AzrRthlosHrdTail,38
.,,Azre Rathlos Shl,18,Azre Rathlos Cpc,22,AzrRathlosHvyCpc,20
.,,FireWyvrn Marrow,8,FireWyvrn BrnStm,10,FireWyvrn BrnStm,7
.,,Rathalos Plate,1,Rathalos Plate,7,Rathalos Ruby,4
.,,,,Rathalos Ruby,1,RathlosDvnePlate,1
.,Silver Rathalos,,,Slvr Ratlos Scl+,43,SlvrRthlosThkScl,37
.,,,,Slvr Rathlos Cpc,29,SlvrRthlosHvyCpc,24
.,,,,Rathalos Webbing,5,RathlosStrngWng,20
,,,,,,,
.,,,,Inferno Sac,10,Blaze Sac,15
.,,,,FireWyvrn BrnStm,3,FireWyvrn BrnStm,4
.,,,,,,Slvr Rathlos Wng,10
.,Khezu,Flabby Hide,50,Flabby Hide,4,Khezu Hide - Tan,4
.,,Pale Extract,35,Khezu Hide - Tan,50,Khezu Hide-Gloss,50
.,,,15,Pale Extract,27,,14
.,,,,,15,Lightning Sac,20
.,,,,Wyvern Stone,4,Wyvern Stone,8
.,,,,,,Lg Wyvern Stone,4
.,Red Khezu,Alluring Hide,50,Alluring Hide,4,Alluring Webbing,4
.,,Pale Extract,35,Alluring Webbing,50,Alluring Wing,50
.,,,15,Pale Extract,27,,14
.,,,,,15,Lightning Sac,20
.,,,,Wyvern Stone,4,Wyvern Stone,8
.,,,,,,Lg Wyvern Stone,4
.,Basarios,Poison Sac,18,Toxin Sac,15,Venom Sac,15
.,,Machalite Ore,34,Carbalite Ore,25,Etherlite Ore,25
.,,Basarios Shell,37,Basarios Carpace,33,Basarios Hvy Cpc,33
.,,Lg Monster Bone,8,Hrd Monster Bone,12,Hvy Monster Bone,12
.,,Basarios Wing,3,,5,BasariosStrngWng,5
,,,,,,,
.,,,,Basarios Wing,7,,7
.,,,,Wyvern Stone,3,Lg Wyvern Stone,3
.,Basarios Tail,Basarios Shell,45,Basarios Carpace,40,Basarios Hvy Cpc,40
.,,Machalite Ore,55,Dragonite Ore,20,Union Ore,20
.,,,,Carbalite Ore,40,Etherlite Ore,40
.,Gravios,Gravios Shell,63,Gravios Shell,18,Gravios Carapace,10
.,,Sleep Sac,20,Gravios Carapace,50,Gravios Hvy Cpc,50
.,,Flame Sac,12,Sleep Sac,10,Coma Sac,17
.,,Gravios Skl Shl,5,Inferno Sac,10,Blaze Sac,10
.,,,,Gravios Skl Shl,5,GraviosDvnePlate,6
.,,,,Wyvern Stone,7,Lg Wyvern Stone,7
.,Gravios Tail,Gravios Shell,73,Gravios Carapace,66,Gravios Hvy Cpc,66
.,,Lg Monster Bone,23,Hrd Monster Bone,20,Hvy Monster Bone,20
.,,Fire Stone,4,Firecell Stone,2,Firecell Stone,2
.,,,,Gravios BrainStm,12,Gravios BrainStm,12
.,Black Gravios,Blk Gravios Shl,58,Blk Gravios Shl,13,Blk Gravios Cpc,10
.,,Sleep Sac,20,Blk Gravios Cpc,50,BlkGraviosHvyShl,50
.,,Flame Sac,12,Sleep Sac,10,Coma Sac,17
.,,Blk Gravios Skl,10,Inferno Sac,10,Blaze Sac,10
.,,,,Blk Gravios Skl,10,BlkGravDvnePlate,6
,,,,,,,
.,,,,Wyvern Stone,7,Lg Wyvern Stone,7
.,Black Gravios Tail,Blk Gravios Shl,72,Blk Gravios Cpc,58,BlkGraviosHvyShl,66
.,,Lg Monster Bone,25,Hrd Monster Bone,25,Hvy Monster Bone,20
.,,Fire Stone,3,Firecell Stone,9,Firecell Stone,6
.,,,,Gravios BrainStm,8,Gravios BrainStm,8
.,Monoblos,Monoblos Spine,23,Monoblos Thrcic,20,,
.,,Monoblos Shell,55,Monoblos Carpce,55,,
.,,Blos Fang,20,Blos Fang,16,,
.,,Monoblos Heart,2,Wyvern Stone,5,,
.,,,,Monoblos Heart,4,,
.,Monoblos Tail,Monoblos Shell,80,Monoblos Carpce,70,,
.,,Lg Monster Bone,20,Monoblos Shell,10,,
.,,,,Hrd Monster Bone,20,,
.,White Monoblos,Wht Monoblos Spn,23,WhtMnoblosThrcic,20,,
.,,Wht Monoblos Shl,55,Wht Monoblos Cpc,55,,
.,,Blos Fang,20,Blos Fang,16,,
.,,Monoblos Heart,2,Wyvern Stone,5,,
.,,,,Monoblos Heart,4,,
.,White Monoblos Tail,Wht Monoblos Shl,80,Wht Monoblos Cpc,70,,
.,,Lg Monster Bone,20,Wht Monoblos Shl,10,,
,,,,,,,
.,,,,Hrd Monster Bone,20,,
.,Diablos,Blos Fang,30,Blos Fang,22,Blos Fang,5
.,,Diablos Shell,63,Diablos Shell,10,Diablos Carapace,10
.,,Diablos Spine,7,Diablos Carapace,56,Diablos Hvy Cpc,63
.,,,,Diablos Thoracic,7,Diablos HvySpne,17
.,,,,Wyvern Stone,5,Lg Wyvern Stone,5
.,Diablos Tail,Diablos Shell,60,Diablos Shell,10,Diablos Carapace,10
.,,Diablos Tail,40,Diablos Carapace,26,Diablos Hvy Cpc,26
.,,,,Diablos Tail,64,Diables Hrd Tail,64
.,Black Diablos,Blos Fang,30,Blos Fang,20,Blos Fang,5
.,,Black Blos Shell,63,Black Blos Shell,10,Black Blos Cpc,8
.,,Black Blos Spine,7,Black Blos Cpc,56,Blk Blos Hvy Cpc,63
.,,,,Blk Blos Thracic,7,Blk Blos HvySpne,17
.,,,,Wyvern Stone,7,Lg Wyvern Stone,7
.,Black Diablos Tail,Black Blos Tail,60,Black Blos Cpc,30,Black Blos Cpc,4
.,,Black Blos Shell,40,Black Blos Tail,64,Blk Blos Hvy Cpc,26
.,,,,Wyvern Stone,6,Blk Blos HrdTail,64
.,,,,,,Lg Wyvern Stone,6
.,Tigrex,Tigrex Scale,40,Tigrex Scale+,38,Tigrex Thck Scl,38
.,,Tigrex Shell,20,Tigrex Scale,10,Tigrex Scale+,10
,,,,,,,
.,,Tigrex Claw,37,Tigrex Carapace,17,Tigrex Hvy Cpc,19
.,,Tigrex Skull Shl,3,Tigrex Claw+,30,Tigrex StrngClaw,30
.,,,,Tigrex Skull Shl,5,TigrexDvinePlate,3
.,Tigrex Tail,Tigrex Tail,80,Tigrex Tail,60,Tigrex Hrd Tail,80
.,,Tigrex Scale,20,Tigrex Scale+,40,Tigrex Thck Scl,20
.,Naruga Karuga,,,Naruga Scale+,45,Naruga Thck Scl,40
.,,,,Naruga Pelt,25,Naruga Scale+,13
.,,,,NarugaTail,5,Naruga Blk Pelt,20
.,,,,Naruga Wing,10,Naruga Hrd Tail,5
.,,,,Naruga Fang+,15,Naruga Strng Wng,8
.,,,,,,Naruga Hvy Fang,12
.,,,,,,NarugaDvinePlate,2
.,Naruga Karuga Tail,,,NarugaTail,82,Naruga Hrd Tail,75
.,,,,Naruga Spike,10,NarugaTail,7
.,,,,Naruga Marrow,8,Naruga Hvy Spike,8
.,,,,,,Naruga Marrow,10
.,Akantor,,,Akantor Scale,40,,
.,,,,Akantor Shell,35,,
.,,,,Akantor Claw,10,,
.,,,,Akantor Fang,5,,
,,,,,,,
.,,,,Firecell Stone,10,,
.,Akantor Tail,,,Akantor Tail,80,,
.,,,,Akantor Scale,20,,
.,Ucamulbas,,,,,Ucamulbas Shell,40
.,,,,,,Ucamulbas Scale,28
.,,,,,,Ucamulbas Tail,10
.,,,,,,Ucamulbas Fin,12
.,,,,,,Ucamulbas Jaw,8
.,,,,,,Ucamu Divine Jwl,2
.,Ucamulbas Tail,,,,,Ucamulbas Tail,90
.,,,,,,Ucamulbas Shell,10
.,Piscine,,,,,,
.,Cephalos,Piscine Liver,60,Piscine Liver,50,Piscine Liver,15
.,,Cephalos Scale,23,Cephalos Scale+,25,Cephalos Scale+,5
.,,Piscine Fang,15,Piscine Fang,8,Piscine Fang+,40
.,,Cephalos Fin,2,Coral Cphlos Scl,15,Coral Cphlos Scl,20
.,,,,Cephalos Fin,2,Coral Cphlos Fin,20
.,Cephadrome,Piscine Liver,12,Piscine Liver,3,Piscine Liver,3
.,,Cephalos Scale,58,Cephalos Scale+,50,Cephalos Scale+,50
.,,Piscine Fang,20,Coral Cphlos Scl,20,Coral Cphlos Scl,20
,,,,,,,
.,,Cephalos Fin,10,Piscine Fang,13,Piscine Fang,13
.,,,,Cephalos Fin+,14,Cephalos Fin+,14
.,Plesioth,Plesioth Fin,22,Plesioth Fin+,18,Plesioth Fin G,23
.,,Plesioth Scale,70,Plesioth Scale+,64,Plsioth Thck Scl,60
.,,Sm Lobstershell,8,Sm Lobstershell,10,Lg Lobstershell,10
.,,,,Lg Lobstershell,2,Hg Lobstershell,2
.,,,,Wyvern Stone,6,Lg Wyvern Stone,5
.,Green Plesioth,Grn Plesioth Fin,22,Grn Plsioth Fin+,22,GrnPlsioth Fin G,23
.,,Grn Plesioth Scl,70,Grn Plsioth Scl+,60,GrnPlsiothThkScl,60
.,,Sm Lobstershell,8,Sm Lobstershell,10,Lg Lobstershell,10
.,,,,Lg Lobstershell,2,Hg Lobstershell,2
.,,,,Wyvern Stone,6,Lg Wyvern Stone,5
.,Volganos,,,Volganos Thk Scl,40,Volganos Thk Scl,43
.,,,,Fire Stone,42,Volganos Hvy Cpc,30
.,,,,Wyvern Stone,3,Volganos HvyFang,8
.,,,,Firecell Stone,15,Volganos Fin+,6
.,,,,,,Lg Wyvern Stone,5
.,,,,,,Firecell Stone,8
.,Carapaceon,,,,,,
.,Small Hermitaur,Sm Hermitaur Shl,40,Sm Hermitaur Shl,20,Hermitaur Shell,10
,,,,,,,
.,,Sharp Claw,26,Hermitaur Shell,18,Black Pearl,5
.,,CarpcnBrains,34,Black Pearl,10,Black Pearl+,1
.,,,,CarpcnBrains,42,Razor Claw,40
.,,,,CarpcnBrains+,10,CarpcnBrains,24
.,,,,,,CarpcnBrains+,20
.,Hermitaur,Hermitaur Shell,60,Hermitaur Carpce,55,Hermitaur HvyCpc,51
.,,Hermitaur Claw,10,Hermitaur Shell,5,Hermitaur Carpce,5
.,,Black Pearl,10,Hermitaur Claw+,10,HermitaurClaw G,10
.,,Lg Monster Bone,19,Black Pearl,10,Black Pearl+,10
.,,CarpcnBrains,1,Monster Bone+,19,Hrd Monster Bone,19
.,,,,CarpcnBrains+,1,CarpcnBrains+,5
.,Purple Hermitaur,,,Pur HermitaurShl,40,Pur HermitaurShl,51
.,,,,Wyvern Skull Shl,16,Pur HermitaurClw,10
.,,,,Black Pearl,10,Black Pearl+,12
.,,,,Monster Bone+,19,Hrd Monster Bone,22
.,,,,Hrd Monster Bone,15,CarpcnBrains+,5
.,Small Ceanataur,Sm Ceanataur Shl,42,Sm Ceanataur Shl,35,Ceanataur Shell,10
.,,Sharp Claw,25,Ceanataur Shell,25,Stout Bone,10
.,,Giant Bone,8,Giant Bone,10,Black Pearl+,1
.,,CarpcnBrains,25,CarpcnBrains,20,Razor Claw,45
,,,,,,,
.,,,,CarpcnBrains+,10,CarpcnBrains,14
.,,,,,,CarpcnBrains+,20
.,Shogun Ceanataur,Ceanataur Shell,60,Ceanataur Carpce,50,CeanataurHvyCpc,50
.,,Ceanataur Shell,60,Ceanataur Carpce,50,CeanataurHvyCpc,50
.,,CeanataurClaw G,10,Ceanataur Leg,15,CeanataurHvyLeg,25
.,,Ceanataur Pincer,2,Ceanataur Claw+,5,CeanataurClaw G,5
.,,,,Black Pearl,10,Black Pearl+,10
.,,,,Ceanataur Pincer,15,Ceanataur Pincer,5
.,Red Shogun Ceanataur,,,RedCeanataurShl,30,RedCeanataurShl,50
.,,,,Ceanataur Pincer,10,CeanataurHvyLeg,25
.,,,,Ceanataur Leg,15,RedCeanataurClaw,5
.,,,,Black Pearl,15,Black Pearl+,10
.,,,,Monster Bone+,15,Ceanataur Pincer,10
.,,,,Hrd Monster Bone,15,,
.,Shen Gaoren,,,Gaoren Carapace,52,Gaoren Carapace,10
.,,,,Gaoren Thoracic,17,Gaoren Hvy Cpc,45
.,,,,Gaoren Pincer,31,Gaoren Hvy Spn,30
.,,,,,,GaorenDvinePlate,5
.,,,,,,Gaoren Pincer,10
.,Primatius,,,,,,
,,,,,,,
.,Bullfango,Raw Meat,26,Raw Meat,30,Raw Meat,25
.,,Bullfango Pelt,59,Bullfango Pelt,30,Bullfango Pelt+,30
.,,Bullfango Head,5,Bullfango Head,15,Bullfango Head,20
.,,Brute Bone,10,Brute Bone,15,Giant Bone,15
.,Bulldrome,Bulldrome Hide,50,Bulldrome Hide,20,Bulldrome Hide,20
.,,Bullfango Head,5,Bulldrome Hide+,30,Bulldrome Hide+,30
.,,Bulldrome Tusk,15,Bullfango Head,5,Bullfango Head,5
.,,Giant Bone,30,Bulldrome Tusk,20,Bulldrome Tusk,20
.,,,,Stout Bone,25,Stout Bone,25
.,Conga,Conga Pelt,50,Conga Pelt,5,Conga Pelt,5
.,,Sharp Claw,28,Conga Pelt+,50,Conga Pelt+,43
.,,Brute Bone,22,Sharp Claw,23,Razor Claw,45
.,,,,Brute Bone,22,Stout Bone,7
.,Congalala,Congalala Pelt,63,Congalala Pelt,5,Congalala Pelt+,5
.,,Congalala Fang,29,Congalala Pelt+,60,Congalala Pelt G,50
.,,Giant Bone,8,Congalala Fang,20,,30
.,,,,Stout Bone,15,Colossal Bone,15
.,Blango,Blango Pelt,50,Blango Pelt,5,Blango Pelt,5
.,,Sharp Claw,28,Blango Pelt+,50,Blango Pelt+,43
.,,Brute Bone,22,Sharp Claw,23,Razor Claw,45
,,,,,,,
.,,,,Brute Bone,22,Stout Bone,7
.,Blangonga,Blangonga Pelt,63,Blangonga Pelt,5,Blangonga Pelt+,5
.,,Blangonga Whiskr,21,Blangonga Pelt+,60,Blangonga Pelt G,60
.,,Giant Bone,8,Blangonga Whiskr,10,Blngnga HrdWhskr,10
.,,Blangonga Fang,8,Blangonga Fang,10,Blangnga HvyFang,10
.,,,,Stout Bone,15,Colossal Bone,15
.,Desert Blangonga,,,Brwn BlngngaPelt,40,Brwn BlngngaPelt,60
.,,,,Stout Bone,50,Blngnga HrdWhskr,15
.,,,,Colossal Bone,10,Brwn BlngngaFang,10
.,,,,,,Colossal Bone,15
.,Rajang,,,Blk Rajang Pelt,27,BlkRajangThkPelt,28
.,,,,Rajang Fang,46,Blk Rajang Pelt,20
.,,,,Rajang Claw,21,Rajang Hvy Fang,24
.,,,,ShiningRajangPlt,6,Rajang Fang,10
.,,,,,,Rajang StrngClaw,15
.,,,,,,ShiningRajangPlt,3
.,Elder Dragon,,,,,,
.,Kirin,Kirin Mane,39,Kirin Mane,8,Kirin Slvr Mane,34
.,,Kirin Thndr Tail,24,Kirin Thndr Tail,20,KirinThndrTail G,24
.,,Kirin Hide,10,Kirin Hide,12,Kirin Hide+,4
,,,,,,,
.,,Kirin Horn,12,Kirin Hide+,18,Kirin Hide G,18
.,,Light Crystal,15,Kirin Horn,12,Kirin Azure Horn,10
.,,,,Kirin Azure Horn,15,Pure Crystal,10
.,,,,,,Nova Crystal,15
.,Kushala Daora,Daora Shell,32,Daora Shell,18,Daora Carapace,13
.,,,50,Daora Carapace,30,Daora Hvy Carpce,30
.,,Daora Claw,5,DaoraDragonScal+,40,DaoraDrgnThckScl,40
.,,Elder Drgn Bone,10,Daora Sharp Claw,5,Daora Sharp Claw,5
.,,ElderDragonBlood,3,ElderDragonBlood,5,ElderDragonBlood,8
.,,,,Daora Jewel,2,Daora Jewel,3
.,,,,,,Elder Dragon Jwl,1
.,Kushala Daora Tail,Daora Tail,53,Daora Tail,45,Daora Tail G,60
.,,Daora Shell,42,Daora Shell,18,Daora Carapace,6
.,,Decayed Drgn Scl,5,Daora Carapace,35,Daora Hvy Carpce,28
.,,,,Daora Jewel,2,Daora Jewel,4
.,,,,,,Elder Dragon Jwl,2
.,Chameleos,Chameleos Hide,39,Chameleos Hide+,20,Chameleos Hide G,35
.,,Chameleos Claw,19,Chameleos Hide,35,Chameleos Hide+,10
.,,ChameleosWebbing,24,ChameleosWebbing,24,ChameleosWbng G,28
.,,Dragonite Ore,13,Union Ore,10,Melange Ore,13
,,,,,,,
.,,ElderDragonBlood,5,ElderDragonBlood,6,ElderDragonBlood,6
.,,,,Chameleos Jewel,5,Chameleos Jewel,6
.,,,,,,Elder Dragon Jwl,2
.,Chameleos Tail,Chameleos Tail,60,Chameleos Tail,60,Chameleos Tail G,60
.,,Dragonite Ore,22,Union Ore,17,Melange Ore,17
.,,Elder Drgn Bone,18,ElderDragonBlood,15,ElderDragonBlood,12
.,,,,Chameleos Jewel,8,Chameleos Jewel,8
.,,,,,,Elder Dragon Jwl,3
.,Lunastra,Lunastra Shell,28,Lunastra Carpace,28,,
.,,Lunastra Mane,12,Lunastra Mane,12,,
.,,Fire Dragon Scl,24,Fire Dragon Scl,24,,
.,,Fire Dragon Claw,21,Fire Dragon Claw,21,,
.,,Fire Drgn Wbng,10,Fire Drgn Jwl,10,,
.,,ElderDragonBlood,5,ElderDragonBlood,5,,
.,Lunastra Tail,Lunastra Tail,59,Lunastra Tail,34,,
.,,Lunastra Shell,18,Lunastra Shell,20,,
.,,Elder Drgn Bone,23,Elder Drgn Bone,32,,
.,,,,Lunastra Carpace,12,,
.,,,,Fire Drgn Jwl,2,,
.,Teostra,Teostra Shell,30,Teostra Carapace,18,Teostra Hvy Cpc,20
,,,,,,,
.,,Teostra Mane,10,Teostra Shell,5,Teostra Carapace,5
.,,Fire Dragon Scl,20,Teostra Mane,14,Fire Drgn HvyScl,33
.,,Fire Dragon Claw,24,Fire Drgn Scl+,30,FireDrgnStrngClw,24
.,,Fire Drgn Wbng,10,Fire Dragon Claw,22,Fire Drgn Jwl,6
.,,ElderDragonBlood,6,Fire Drgn Jwl,5,Elder Dragon Jwl,2
.,,,,ElderDragonBlood,6,ElderDragonBlood,10
.,Teostra Tail,Teostra Tail,59,Teostra Tail,34,Teostra Tail G,59
.,,Teostra Shell,18,Teostra Shell,20,Teostra Carapace,7
.,,Elder Drgn Bone,23,Elder Drgn Bone,32,Ancient DrgnBone,18
.,,,,Teostra Carapace,12,Teostra Hvy Cpc,12
.,,,,Fire Drgn Jwl,2,Fire Drgn Jwl,3
.,,Lao-Shan's Shell,,,,Elder Dragon Jwl,1
.,Lao-Shan Lung,Lao-Shan's Shell,37,Lao-Shan's Shell,12,,
.,,Lao-Shan's Scale,58,Lao-ShanCarapace,29,,
.,,Lao-Shan's Claw,5,Lao-Shan Scale+,50,,
.,,,,Lao-Shan's Claw,5,,
.,,,,Lao-Shan's Ruby,4,,
.,Lao-Shan Lung Back,Elder Drgn Bone,35,Elder Drgn Bone,35,,
.,,Lao-Shan's Scale,28,Lao-Shan Scale+,28,,
.,,Lao-Shan's Shell,12,Lao-ShanCarapace,12,,
,,,,,,,
.,,Dragon Herb,25,Dragon Herb,25,,
.,Azure Lao-Shan Lung,,,Lao-Shan's Shell,9,Lao-ShanCarapace,5
.,,,,Lao-ShanCarapace,5,Azure LaoS Shell,10
.,,,,Azure LaoS Shell,38,Lao-Shan Hvy Cpc,35
.,,,,Lao-Shan Scale+,29,Lao-ShanThckScl,26
.,,,,Lao-Shan's Claw,16,Azure LaoS Claw,15
.,,,,Lao-Shan's Ruby,3,Lao-Shan's Ruby,5
.,,,,,,LaoS Dvine Plate,3
.,Azure Lao-Shan Lung Back,,,Elder Drgn Bone,35,Ancient DrgnBone,35
.,,,,Lao-Shan Scale+,28,Lao-ShanThckScl,28
.,,,,Azure LaoS Shell,12,Lao-Shan Hvy Cpc,12
.,,,,Dragon Herb,25,Dragon Herb,25
.,Yamatsukami,,,,,YamatsukamiFluid,34
.,,,,,,Yamatsukami Skin,20
.,,,,,,Dragonmoss G,8
.,,,,,,Dragonwood G,26
.,,,,,,ElderDragonBlood,11
.,Black Fatalis,,,Fatalis Scale,42,Fatalis Thck Scl,38
.,,,,Fatalis Shell,50,Fatalis Hvy Shl,44
.,,,,Fatalis Horn,8,Fatalis Shell,10
,,,,,,,
.,,,,,,Fatalis Hvy Horn,8
.,Red Fatalis,,,Fatalis CrmsnScl,34,FataThkCrmsnScl,34
.,,,,Fatalis CrmsnShl,23,FataHvyCrmsnShl,23
.,,,,Fatalis CrmsnHrn,6,FataHvyCrmsnHrn,6
.,,,,Fatalis Scale,19,Fatalis Thck Scl,19
.,,,,Fatalis Shell,15,Fatalis Hvy Shl,15
.,,,,Fatalis Horn,3,Fatalis Hvy Horn,3
.,Fatalis,,,Wht Fatalis Scl,31,WhtFatalisThkScl,31
.,,,,Wht Fatalis Cpc,24,WhtFatalisHvyCpc,24
.,,,,White Ftalis Hrn,3,WhtFatalisHvyHrn,3
.,,,,Fatalis Scale,20,Fatalis Thck Scl,20
.,,,,Fatalis Shell,17,Fatalis Hvy Shl,17
.,,,,Fatalis Horn,5,Fatalis Hvy Horn,5
