,Hunter's Bow I,550z,96,,Pwr Poi Par Slp Pai Raz,0%,---,D,BW,Rapid 1,Rapid 1,Rapid 2,Scatter 2
Create,Brute Bone: 2 |Iron Ore: 5 |Anteka Pelt: 2
E,Hunter's Bow II,1100z,120,,Pwr Poi Par Slp Pai Raz,0%,---,D,BW,Rapid 1,Rapid 2,Rapid 3,Scatter 2
Improve,Giant Bone: 2 |Disk Stone: 10 |Giadrome Claw: 3
SE,Hunter's Bow III,1650z,144,,Pwr Poi Par Slp Pai Raz,0%,---,D,BW,Rapid 1,Scatter 1,Rapid 3,Scatter 3
Improve,Piscine Fang: 3 |Earth Crystal: 8 |Gendrome Hide: 5
Create,Piscine Fang: 4 |Lg Monster Bone: 4 |Earth Crystal: 8 |Gendrome Hide: 5
SSE,Hunter's Bow IV,2750z,168,,Pwr Poi Par Slp Pai Raz,0%,---,D,BW,Rapid 1,Scatter 2,Rapid 3,Scatter 4
Improve,Rubbery Hide: 5 |Machalite Ore: 4 |Iodrome Hide: 4
SSSE,Hunter's Power Bow I,4400z,192,Def+10,Pwr Poi Par Slp Pai --,0%,---,D,BW,Rapid 1,Rapid 2,Rapid 3,Pierce 4
Improve,Basarios Shell: 4 |Killer Beetle: 2 |Monoblos Shell: 4
Create,Basarios Wing: 1 |Dragonite Ore: 4 |Lg Monster Bone: 4 |Machalite Ore: 15
SSSSE,Hunter's Power Bow II,5500z,204,Def+20,Pwr Poi Par Slp Pai --,0%,---,D,BW,Rapid 2,Rapid 2,Rapid 3,Pierce 4
Improve,Gravios Shell: 5 |Blos Fang: 3 |Dragonite Ore: 3
SSSSSE,Hunter's Power Bow III,7900z,216,Def+20,Pwr Poi Par Slp Pai --,0%,---,A,BW,Rapid 2,Rapid 3,Rapid 4,Pierce 4
Improve,Bulldrome Hide+: 4 |Giadrome Claw+: 5 |Gendrome Tail: 4
SSSSSSR,*Hunter's Power Bow IV,49500z,324,Def+30,Pwr Poi Par Slp Pai --,0%,---,G,BW,Rapid 3,Rapid 4,Rapid 5,Pierce 5
Improve,BasariosStrngWng: 1 |Basarios Hvy Cpc: 6 |Etherlite Ore: 10 |Hvy Monster Bone: 5
SSSSSSE,Ice Crystal Bow I,34650z,228,Ice 200,Pwr Poi Par Slp Pai Raz,0%,---,G,BW,Scatter 3,Scatter 4,Scatter 4,Rapid 4
Improve,ConglalaStrngFng: 6 |BirdWyvnStoutBne: 5 |Ice Crystal: 20 |Carbalite Ore: 10
Create,Pure Crystal: 1 |Ice Crystal: 20 |Etherlite Ore: 15 |Hvy Monster Bone: 5
SSSSSSSE,*Ice Crystal Bow II,55450z,264,Ice 230,Pwr Poi Par Slp Pai Raz,0%,---,G,BW,Scatter 3,Scatter 4,Scatter 5,Rapid 4
Improve,Blangnga HvyFang: 2 |Pure Crystal: 3 |Razor Claw: 10 |Hvy Monster Bone: 6
,Wild Bow I,2200z,168,,-- Poi Par Slp Pai Raz,0%,OO-,D,BW,Pierce 1,Pierce 1,Pierce 3,Rapid 3
Create,Congalala Pelt: 4 |Sharp Claw: 3 |Bone: 10
E,Wild Bow II,3500z,192,,-- Poi Par Slp Pai Raz,%,OO-,D,BW,Pierce 1,Pierce 2,Pierce 3,Rapid 3
Improve,Congalala Pelt: 2 |Conga Pelt: 12 |Iodrome Hide: 2
SE,Wild Bow III,5250z,216,,-- Poi Par Slp Pai Raz,0%,OOO,D,BW,Pierce 1,Rapid 2,Pierce 3,Rapid 3
Improve,Congalala Fang: 5 |Garuga Mane: 3 |Killer Beetle: 2
Create,Monoblos Spine: 2 |Congalala Claw: 2 |Pale Bone: 1 |Killer Beetle: 2
SSE,Wild Bow IV,6150z,228,,-- Poi Par Slp Pai Raz,0%,OOO,D,BW,Pierce 1,Rapid 2,Pierce 3,Rapid 4
Improve,Vibrant Pelt: 1 |Tigrex Claw: 2 |Monster Bone+: 2
SSSE,Wild Power Bow I,8950z,240,,-- Poi Par Slp Pai Raz,0%,OOO,A,BW,Rapid 2,Rapid 2,Pierce 3,Pierce 4
Improve,Congalala Pelt+: 6 |Chameleos Claw: 2 |Carbalite Ore: 6
Create,Congalala Pelt+: 6 |Congalala Fang: 10 |Giant Bone: 10 |Carbalite Ore: 6
SSSSE,Wild Power Bow II,10550z,252,,-- Poi Par Slp Pai Raz,0%,OOO,A,BW,Rapid 2,Rapid 3,Pierce 3,Pierce 4
Improve,Congalala Claw+: 2 |King Scarab: 6 |Pur GypcerosWng: 2
SSSSSE,Jungle Bow I,49500z,324,,-- Poi Par Slp Pai Raz,10%,---,G,BW,Rapid 3,Rapid 3,Scatter 4,Pierce 5
Improve,GrnCongalalaPelt: 4 |ConglalaStrngFng: 3 |Etherlite Ore: 4 |Emperor Locust: 4
Create,GrnCongalalaPelt: 6 |Vibrant Crown: 2 |Congalala Claw G: 3 |Emperor Locust: 6
SSSSSSE,*Jungle Bow II,74250z,360,,-- Poi Par Slp Pai Raz,15%,---,G,BW,Rapid 3,Rapid 4,Scatter 5,Pierce 5
Improve,Vibrant Crown: 1 |Brwn BlngngaPelt: 6 |Colossal Bone: 3 |PhantomButterfly: 2
,Blango Fur Bow I,770z,96,Ice 60,Pwr Poi Par Slp Pai --,0%,O--,D,BW,Rapid 1,Scatter 1,Rapid 2,Scatter 2
Create,Blango Pelt: 4 |Giaprey Scale: 5 |Ice Crystal: 10
E,Blango Fur Bow II,1500z,120,Ice 80,Pwr Poi Par Slp Pai --,0%,O--,D,BW,Rapid 1,Pierce 1,Rapid 3,Scatter 3
Improve,Brute Bone: 4 |Giadrome Hide: 4 |Carpenterbug: 10
SE,Blango Fur Bow III,3850z,168,Ice 100,Pwr Poi Par Slp Pai --,0%,OO-,D,BW,Rapid 1,Pierce 2,Rapid 3,Scatter 4
Improve,Blangonga Whiskr: 2 |Blango Pelt: 4 |Lg Monster Bone: 4
Create,Blangonga Pelt: 4 |Wht Monoblos Hrn: 2 |Ice Crystal: 10
SSE,Blango Fur Bow IV,4600z,180,Ice 120,Pwr Poi Par Slp Pai --,0%,OO-,D,BW,Rapid 2,Pierce 2,Rapid 3,Scatter 4
Improve,DaoraDragonScale: 4 |Blangonga Pelt: 4 |Monster Bone+: 2
SSSE,Abominable Bow I,7350z,192,Ice 140,Pwr Poi Par Slp Pai --,0%,OO-,A,BW,Rapid 2,Pierce 3,Rapid 4,Scatter 4
Improve,Blangonga Fang+: 1 |Daora Claw: 2 |King Scarab: 6
SSSSE,*Abominable Bow II,69300z,288,Ice 200,Pwr Poi Par Slp Pai --,0%,OO-,G,BW,Rapid 3,Pierce 4,Rapid 4,Scatter 5
Improve,Blangonga Pelt G: 4 |Colossal Bone: 4 |Blngnga HrdWhskr: 3 |PhantomButterfly: 4
,Kut-Ku Stave I,1500z,120,Fir 80,Pwr Poi Par Slp Pai --,0%,O--,D,BW,Scatter 1,Scatter 2,Scatter 3,Pierce 2
Create,Kut-Ku Shell: 5 |Kut-Ku Scale: 5 |Flame Sac: 2 |Carpenterbug: 4
E,Kut-Ku Stave II,2300z,144,Fir 100,Pwr Poi Par Slp Pai --,0%,O--,D,BW,Scatter 2,Rapid 2,Scatter 3,Pierce 3
Improve,Flame Sac: 4 |FireWyvern Fluid: 2 |Blue Kut-Ku Scl: 6
SE,Kut-Ku Stave III,4600z,180,Fir 120,Pwr Poi Par Slp Pai --,0%,OO-,D,BW,Scatter 3,Rapid 2,Scatter 4,Pierce 3
Improve,Kut-Ku Ear: 3 |Blk Gravios Shl: 3 |Carpenterbug: 20
SSE,Blue Kut-Ku Stave I,7350z,192,Fir 140,Pwr Poi Par Slp Pai Raz,0%,OO-,A,BW,Scatter 3,Rapid 3,Scatter 4,Pierce 3
Improve,Lunastra Shell: 4 |Inferno Sac: 4 |Blue Kut-Ku Cpc: 4
Create,Blue Kut-Ku Cpc: 4 |Lunastra Shell: 4 |Hrd Monster Bone: 4 |Inferno Sac: 4
SSSR,Blue Kut-Ku Stave II,41600z,240,Fir 180,Pwr Poi Par Slp Pai Raz,0%,OO-,G,BW,Scatter 3,Rapid 3,Scatter 5,Pierce 4
Improve,BlueKut-KuHvyCpc: 4 |Lucky Kut-KuEar: 3 |Blaze Sac: 4 |Monster Broth+: 4
SSSLE,*Blue Kut-Ku Stave III,62400z,276,Fir 200,Pwr Poi Par Slp Pai Raz,0%,OO-,G,BW,Scatter 4,Rapid 4,Scatter 5,Pierce 4
Improve,AzrRathlosHvyCpc: 3 |BlueKut-KuThkScl: 6 |Emperor Locust: 6 |Melange Ore: 5
SSSE,Wolf Bow,83150z,348,Poi Up,Pwr Poi -- -- Pai Raz,10%,---,G,BW,Rapid 3,Rapid 4,Rapid 4,Scatter 5
Improve,Garuga Scale G: 5 |Garuga Hvy Cpc: 4 |Sharpened Beak +: 3 |Venom Sac: 2
Create,Garuga Hvy Cpc: 5 |Garuga Slvr Mane: 4 |Garuga Tail +: 1 |Gypceros HrdHead: 1
SSSSE,*Vicious Bow,103950z,360,Poi Up,Pwr Poi -- -- Pai Raz,10%,---,G,,Rapid 3,Rapid 4,Rapid 5,Scatter 5
Improve,Garuga Tail +: 1 |Garuga Slvr Mane: 3 |PhantomButterfly: 3 |Chameleos Hide G: 4
,Wing Bow I,11100z,228,Slp Up,Pwr -- -- Slp Pai Raz,0%,O--,A,BW,Rapid 2,Scatter 3,Rapid 3,Pierce 3
Create,Hypnoc Feather: 4 |Hypnoc Beak: 2 |Carbalite Ore: 3 |Hrd Monster Bone: 4
E,Wing Bow II,13450z,240,Slp Up,Pwr -- -- Slp Pai Raz,0%,O--,A,BW,Rapid 2,Scatter 4,Rapid 4,Pierce 3
Improve,Hypnoc Claw+: 6 |Basarios Carpace: 6 |Rare Scarab: 3
SE,Wing Bow III,53400z,312,Slp Up,Pwr -- -- Slp Pai Raz,0%,O--,G,BW,Rapid 3,Scatter 4,Rapid 4,Pierce 4
Improve,HypncFangedBeak: 3 |Hypnoc Feather+: 6 |Sleep Sac: 4 |Kut-Ku Hrd Wbbng: 4
Create,Hypnoc Feather+: 8 |Hypnoc StrngClaw: 6 |HypncGizzardStne: 1 |Lucky Kut-KuEar: 3
SSE,Wing Bow IV,77200z,348,Slp Up,Pwr -- -- Slp Pai Raz,0%,O--,G,BW,Rapid 3,Scatter 5,Rapid 5,Pierce 4
Improve,HypncGizzardStn+: 1 |Hypnoc StrngClaw: 6 |Gravios Hvy Cpc: 4 |Coma Sac: 2
,Crude Tuna Bow,1250z,132,Par Up,Pwr -- Par Slp Pai Raz,0%,OOO,D,BW,Rapid 1,Scatter 2,Scatter 3,Rapid 2
Create,Speartuna: 1 |Black Pearl: 2 |Antiseptic Stone: 2 |FlynMealPassReg: 1
E,Prototype Tuna Bow,5950z,204,Par Up,Pwr -- Par Slp Pai Raz,0%,OOO,A,BW,Rapid 2,Scatter 3,Scatter 4,Rapid 3
Improve,Speartuna: 1 |Nova Crystal: 1 |Hrd Monster Bone: 6 |FlynMealPassPlus: 3
SE,*Refined Tuna Bow,35650z,288,Par Up,Pwr -- Par Slp Pai Raz,0%,OOO,G,BW,Rapid 3,Scatter 4,Scatter 5,Rapid 4
Improve,Speartuna: 1 |Ancient Fish: 5 |Paralysis Sac: 10 |Hvy Monster Bone: 8
,Daimyo's Warbow I,2300z,144,Wat 80,Pwr Poi Par Slp Pai --,0%,O--,D,BW,Scatter 1,Pierce 2,Pierce 3,Rapid 2
Create,Hermitaur Shell: 4 |Plesioth Scale: 4 |Sm Hermitaur Shl: 10 |Earth Crystal: 8
E,Daimyo's Warbow II,3850z,168,Wat 100,Pwr Poi Par Slp Pai --,0%,O--,D,BW,Scatter 2,Scatter 2,Pierce 3,Rapid 3
Improve,Ceanataur Claw: 2 |Grn Plesioth Scl: 3 |Med Monster Bone: 4
SE,Daimyo's Warbow III,4600z,180,Wat 120,Pwr Poi Par Slp Pai --,0%,OO-,D,BW,Scatter 3,Scatter 3,Pierce 3,Rapid 4
Improve,Black Pearl: 6 |Twisted Horn: 2 |Hermitaur Claw: 4
SSE,Daimyo's Warbow IV,7350z,192,Wat 140,Pwr Poi Par Slp Pai --,0%,OO-,A,BW,Scatter 3,Scatter 3,Pierce 3,Rapid 4
Improve,Hermitaur Carpce: 6 |Cephalos Fin+: 3 |Hrd Monster Bone: 3
Create,Hermitaur Carpce: 6 |Coral Cphlos Fin: 1 |Hermitaur Claw+: 3 |Hrd Monster Bone: 3
SSSE,Purple Warbow I,52000z,252,Wat 190,Pwr Poi Par Slp Pai --,0%,O--,G,BW,Scatter 3,Scatter 4,Rapid 4,Pierce 5
Improve,Pur HermitaurShl: 6 |Hermitaur HvyCpc: 4 |GrnPlsiothThkScl: 3
Create,Pur HermitaurShl: 8 |Pur HermitaurClw: 3 |HermitaurClaw G: 3 |GrnPlsioth Fin G: 4
SSSSE,*Purple Warbow II,81700z,300,Wat 210,Pwr Poi Par Slp Pai --,0%,O--,G,BW,Scatter 4,Scatter 4,Rapid 4,Pierce 5
Improve,Pur HermitaurClw: 3 |Black Pearl+: 2 |GrnPlsioth Fin G: 3 |Gaoren Hvy Cpc: 4
,Blue Blade Bow I,7700z,204,,Pwr Poi -- Slp Pai Raz,0%,---,D,BW,Rapid 2,Pierce 2,Pierce 3,Pierce 3
Create,Ceanataur Shell: 4 |Ceanataur Pincer: 1 |Hercudrome: 2 |Sharp Claw: 7
E,Blue Blade Bow II,23100z,264,,Pwr Poi -- Slp Pai Raz,0%,---,A,BW,Rapid 2,Pierce 3,Pierce 3,Pierce 4
Improve,Ceanataur Carpce: 5 |Ceanataur Claw+: 3 |Hrd Monster Bone: 3
SE,Blue Blade Bow III,90100z,360,,Pwr Poi -- Slp Pai Raz,0%,O--,G,BW,Rapid 3,Pierce 3,Pierce 4,Pierce 5
Improve,CeanataurHvyCpc: 4 |CeanataurHvyLeg: 3 |Hvy Monster Bone: 3
Create,CeanataurHvyCpc: 5 |CeanataurClaw G: 3 |Black Pearl+: 2 |Hvy Monster Bone: 3
SSR,*Vice-Grip Bow,103950z,372,,Pwr Poi -- Slp Pai Raz,0%,O--,G,BW,Rapid 3,Pierce 4,Pierce 4,Pierce 5
Improve,CeanataurClaw G: 2 |Black Pearl+: 2 |Gravios Hvy Cpc: 4
SSE,Red Pincer Bow,89100z,312,Wat 120,Pwr -- Par -- Pai Raz,0%,---,G,BW,Pierce 3,Rapid 3,Pierce 4,Pierce 5
Improve,RedCeanataurShl: 4 |CeanataurHvyLeg: 3 |Plsioth Thck Scl: 4
SSSE,*Blood Pincer Bow,103950z,324,Wat 140,Pwr -- Par -- Pai Raz,0%,---,G,BW,Pierce 3,Rapid 4,Pierce 4,Pierce 5
Improve,RedCeanataurClaw: 2 |Black Pearl+: 2 |BlkGraviosHvyShl: 4
,Sonic Bow I,2300z,144,Thn 100,Pwr -- Par -- Pai Raz,0%,O--,D,BW,Rapid 2,Rapid 2,Rapid 2,Scatter 3
Create,Electro Sac: 2 |Vespoid Shell: 10 |Hornetaur Wing: 5 |Killer Beetle: 2
E,Sonic Bow II,4600z,180,Thn 120,Pwr -- Par -- Pai Raz,0%,OO-,D,BW,Rapid 2,Scatter 2,Rapid 3,Scatter 3
Improve,Thunderbug Juice: 4 |Alluring Hide: 4 |Hornetaur Head: 2
SE,Sonic Bow III,7350z,192,Thn 140,Pwr -- Par -- Pai Raz,0%,OO-,A,BW,Rapid 2,Scatter 3,Rapid 4,Scatter 4
Improve,Thunder Sac: 3 |HornetaurInnrWng: 2 |Vespoid Carapace: 10
Create,Thunder Sac: 4 |HornetaurInnrWng: 3 |Vespoid Carapace: 15 |Rare Scarab: 4
SSE,*Sonic Bow IV,41600z,240,Thn 180,Pwr -- Par -- Pai Raz,0%,OO-,G,BW,Rapid 3,Scatter 4,Rapid 4,Scatter 5
Improve,QueenVespoidShl: 3 |Thunderbug Jelly: 10 |Thunder Sac: 6 |Vespoid RazrWng: 6
,Khezu Bow I,52000z,252,Thn 210,Pwr -- Par Slp Pai Raz,0%,O--,G,BW,Scatter 2,Pierce 3,Scatter 4,Rapid 5
Create,Khezu Hide-Gloss: 4 |Lightning Sac: 3 |Rubbery Hide G: 3 |Etherlite Ore: 5
E,*Khezu Bow II,74250z,288,Thn 240,Pwr -- Par Slp Pai Raz,0%,O--,G,BW,Scatter 2,Pierce 4,Scatter 5,Rapid 5
Improve,Alluring Wing: 4 |KhezuChoiceSteak: 1 |Pur Gyp StrngWng: 3 |Garuga Slvr Mane: 2
,Queen Blaster I,5500z,204,Poi Up,Pwr Poi -- -- Pai --,0%,O--,D,BW,Scatter 2,Scatter 2,Scatter 3,Rapid 3
Create,Rathian Shell: 3 |Monster Bone+: 1 |Rathian Scale: 5 |Machalite Ore: 8
E,Queen Blaster II,6600z,216,Poi Up,Pwr Poi -- -- Pai --,0%,OO--,D,BW,Scatter 3,Pierce 2,Scatter 4,Rapid 4
Improve,Rathian Shell: 4 |FireWyvern Claw: 3 |Dragonite Ore: 2
SR,Queen Blaster III,16500z,264,Poi Up,Pwr Poi -- -- Pai --,0%,OO-,A,BW,Scatter 3,Pierce 3,Scatter 4,Rapid 4
Improve,Rathian Scale+: 5 |Rathian Spike: 3 |Rare Scarab: 3
Create,Rathian Carapace: 3 |Rathian Scale+: 5 |Rathian Plate: 1 |Rare Scarab: 3
SLE,Queen Blaster IV,54450z,336,Poi Up,Pwr Poi -- -- Pai --,0%,OO-,G,BW,Scatter 4,Pierce 3,Scatter 5,Rapid 4
Improve,Rathian Thck Scl: 5 |Rathian Ruby: 1 |Venom Sac: 4 |PhantomButterfly: 3
SLSE,*Queen Blaster V,69300z,360,Poi Up,Pwr Poi -- -- Pai --,0%,OO-,G,BW,Scatter 4,Pierce 3,Scatter 5,Rapid 5
Improve,Rathian Hvy Cpc: 4 |RathianDvnePlate: 1 |GldRathianThkScl: 5
SE,Heartshot Bow I,13450z,240,,Pwr -- Par -- Pai --,10%,---,A,BW,Scatter 2,Scatter 2,Pierce 3,Scatter 4
Improve,Pnk Rathian Cpc: 3 |FireWyvrn Marrow: 2 |Carbalite Ore: 6
Create,Pnk Rathian Cpc: 3 |PnkRathian Scl+: 5 |Rathian Spike+: 1 |Carbalite Ore: 6
SSE,Heartshot Bow II,19800z,264,,Pwr -- Par -- Pai --,20%,O--,A,BW,Scatter 2,Scatter 3,Pierce 3,Scatter 4
Improve,Rathian Spike+: 1 |PnkRathian Scl+: 5 |Union Ore: 3
SSSE,*Heartshot Bow III,83150z,336,,Pwr -- Par -- Pai --,30%,O--,G,BW,Scatter 3,Scatter 3,Pierce 4,Scatter 5
Improve,Rathian Spike G: 1 |PnkRathianThkScl: 5 |Melange Ore: 5
,Prominence Bow I,6850z,204,Fir 80,Pwr Poi -- -- Pai --,0%,O--,D,BW,Rapid 1,Scatter 2,Pierce 2,Pierce 4
Create,Rathalos Shell: 3 |Dragonite Ore: 2 |Rathalos Scale: 5 |Blood Red Horn: 2
E,Prominence Bow II,8250z,216,Fir 100,Pwr Poi -- -- Pai --,0%,OO-,D,BW,Rapid 2,Scatter 2,Pierce 3,Pierce 4
Improve,Rathalos Shell: 6 |FireWyvrn Marrow: 1 |Fire Stone: 2
SE,Prominence Bow III,16500z,252,Fir 120,Pwr Poi -- -- Pai --,0%,OO-,A,BW,Rapid 2,Scatter 3,Pierce 3,Pierce 4
Improve,Rathalos Carpace: 3 |FireWyvrn BrnStm: 1 |Firecell Stone: 2
SSE,Prominence Bow IV,61900z,288,Fir 160,Pwr Poi -- -- Pai --,0%,OO-,G,BW,Rapid 3,Scatter 3,Pierce 4,Pierce 5
Improve,Rathalos Hvy Cpc: 5 |Rathalos Ruby: 1 |Volganos Thk Scl: 3
Create,Rathalos Hvy Cpc: 6 |RathlosStrngWng: 4 |Rathalos Ruby: 1 |Volganos Hvy Cpc: 4
SSSE,*Prominence Bow V,74250z,300,Fir 180,Pwr Poi -- -- Pai --,0%,OO-,G,BW,Rapid 3,Scatter 4,Pierce 4,Pierce 5
Improve,Rathalos ThckScl: 6 |RathlosDvnePlate: 1 |SlvrRthlosHvyCpc: 3
,Diablos Horn Bow I,10250z,216,Def+10,Pwr -- -- -- Pai --,10%,O--,A,BW,Pierce 2,Pierce 2,Pierce 3,Scatter 2
Create,Diablos Carapace: 4 |Majestic Horn: 2 |Wyvern Stone: 2 |Black Blos Spine: 3
E,Diablos Horn Bow II,25700z,276,Def+20,Pwr -- -- -- Pai --,10%,O--,A,BW,Pierce 2,Pierce 3,Pierce 4,Scatter 3
Improve,Diablos Thoracic: 4 |Black Blos Cpc: 6 |Majestic Horn: 2
SE,Ebony Horn Bow,90100z,336,Def+30,Pwr -- -- -- Pai --,20%,---,G,BW,Pierce 3,Pierce 3,Pierce 4,Rapid 4
Improve,Blk Blos HvySpne: 4 |Blk Blos Hvy Cpc: 6 |RobustBlkBlosHrn: 2
Create,Blk Blos Hvy Cpc: 8 |Diablos HvySpne: 5 |RobustBlkBlosHrn: 3 |Lg Wyvern Stone: 2
SSE,*Ebony King Bow,117800z,372,Def+30,Pwr -- -- -- Pai --,20%,---,G,BW,Pierce 3,Pierce 4,Pierce 5,Rapid 4
Improve,Lg Wyvern Stone: 4 |Blk Blos HvySpne: 3 |RobustBlkBlosHrn: 2 |Glorious Horn: 2
,Courageous Hope,16800z,240,Fir 60,Pwr -- -- Slp Pai Raz,0%,O--,A,BW,Pierce 2,Scatter 2,Rapid 3,Rapid 4
Create,Teostra Carapace: 3 |Teostra Mane: 2 |Lunastra Mane: 2 |Firecell Stone: 1
E,Courageous Wish,39600z,264,Fir 80,Pwr -- -- Slp Pai Raz,0%,OO-,A,BW,Pierce 2,Scatter 3,Rapid 3,Rapid 4
Improve,Fire Dragon Pwdr: 2 |Gravios BrainStm: 1 |Union Ore: 3
SE,*Courageous Faith,111350z,336,Fir 110,Pwr -- -- Slp Pai Raz,0%,OO-,G,BW,Pierce 3,Scatter 4,Rapid 4,Rapid 5
Improve,FireDrgnStrngClw: 2 |Fire Drgn HvyScl: 4 |Lunastra Carpace: 4 |Commendation S: 1
,Tigrex Arrow I,8550z,264,,Pwr Poi -- -- Pai --,-30%,---,D,BW,Rapid 2,Pierce 2,Rapid 3,Pierce 4
Create,Tigrex Scale: 6 |Tigrex Fang: 3 |Tigrex Claw: 2 |Monster Bone+: 2
E,Tiger Arrow II,10000z,276,,Pwr Poi -- -- Pai --,-30%,---,D,BW,Rapid 2,Pierce 3,Rapid 3,Pierce 4
Improve,Tigrex Fang: 3 |TwstBlkBlosHorn: 2 |Hercudrome: 2
SR,Tigrex Whisker,25700z,312,,Pwr Poi -- -- Pai --,-30%,---,A,BW,Rapid 2,Pierce 3,Rapid 4,Pierce 4
Improve,Tigrex Carapace: 4 |FireWyvrn BrnStm: 2 |Wyvern Stone: 3
Create,Tigrex Carapace: 4 |Tigrex Scale+: 8 |FireWyvrn BrnStm: 2 |Wyvern Stone: 4
SLE,*Tiger Growl,90100z,384,,Pwr Poi -- -- Pai --,-30%,O--,G,BW,Rapid 3,Pierce 4,Rapid 5,Pierce 5
Improve,Tigrex Hvy Cpc: 4 |Tigrex Thck Scl: 8 |TigrexDvinePlate: 1 |PhantomButterfly: 3
SE,Hidden Bow,27750z,252,,Pwr Poi Par Slp Pai Raz,50%,---,A,BW,Scatter 4,Rapid 4,Pierce 4,Rapid 5
Improve,Naruga Pelt: 4 |Naruga Wing: 3 |Naruga Fang+: 6
Create,Naruga Pelt: 6 |Naruga Wing: 4 |Hrd Monster Bone: 5 |Naruga Marrow: 1
SSE,*Shdw Bow 'Silhouette',103950z,324,,Pwr Poi Par Slp Pai Raz,50%,---,G,BW,Scatter 4,Rapid 5,Pierce 5,Rapid 5
Improve,Naruga Blk Pelt: 4 |Naruga Strng Wng: 3 |Naruga Hvy Fang: 6 |Naruga Marrow: 2
Create,Naruga Thck Scl: 10 |Naruga Strng Wng: 6 |Naruga Hvy Fang: 8 |NarugaDvinePlate: 1
,Dragonhead Harp I,50000z,156,Wat 240 Def+10,Pwr Poi Par Slp Pai Raz,30%,OOO,A,BW,Scatter 3,Rapid 2,Rapid 1,Pierce 3,,,A
Create,Wyverian Harp: 1 |Plesioth Scale+: 4 |Grn Plsioth Scl+: 4 |Nova Crystal: 2
E,Dragonhead Harp II,75000z,204,Wat 270 Def+15,Pwr Poi Par Slp Pai Raz,30%,OOO,G,BW,Scatter 4,Rapid 2,Rapid 1,Pierce 4,,,G
Improve,Plsioth Thck Scl: 4 |GrnPlsiothThkScl: 4 |Pure Crystal: 2
SE,*Dragonhead Harp III,125000z,240,Wat 300 Def+20,Pwr Poi Par Slp Pai Raz,30%,OOO,G,BW,Scatter 5,Rapid 2,Rapid 1,Pierce 5,,,G
Improve,Commendation G: 1 |Plesioth Fin G: 3 |GrnPlsioth Fin G: 4 |Volganos HvyFang: 3
,Dragonbow Halo,7900z,192,Thn 140,Pwr Poi Par Slp Pai --,10%,O--,D,BW,Scatter 2,Scatter 3,Pierce 2,Pierce 4
Create,Dragonwood: 2 |Dragonmoss: 4 |Kirin Thndr Tail: 2 |ElderDragonBlood: 1
E,Dragonbow Solar,23750z,240,Thn 160,Pwr Poi Par Slp Pai --,10%,O--,A,BW,Scatter 3,Scatter 3,Pierce 3,Pierce 4
Improve,Pokke Ticket+: 1 |Dragonmoss+: 4 |Kirin Azure Horn: 3
SE,*Dragonwood bow Apollo,115800z,300,Thn 180 Par Up,Pwr Poi Par Slp Pai Raz,20%,---,G,BW,Scatter 3,Scatter 4,Pierce 5,Rapid 4
Improve,Yamatsukami Skin: 4 |Yamatsukami Fin: 3 |Dragonwood G: 4 |Dragonmoss G: 4
Create,Yamatsukami Skin: 6 |Yamatsukami Fin: 4 |YamatsukamiFluid: 6 |Commendation S: 1
,Demon Bow,95000z,300,Thn 110,Pwr -- -- -- Pai Raz,0%,---,G,BW,Pierce 2,Rapid 3,Rapid 4,Pierce 5
Create,BlkRajangThkPelt: 4 |Rajang Hvy Fang: 5 |Rajang StrngClaw: 5 |Gold Rajang Pelt: 2
E,*Great Demon Bow,118800z,336,Thn 130,Pwr -- -- -- Pai Raz,0%,---,G,BW,Pierce 3,Rapid 4,Rapid 5,Pierce 5
Improve,ShiningRajangPlt: 2 |BlkRajangThkPelt: 3 |Brwn BlngngaFang: 3 |Vibrant Crown: 3
,Frozen Stallion,84150z,264,Ice 160,Pwr Poi Par -- Pai --,20%,O--,G,BW,Rapid 3,Scatter 4,Pierce 4,Rapid 4
Create,Daora Hvy Carpce: 5 |DaoraDrgnThckScl: 8 |Ancient DrgnBone: 4 |Daora Jewel: 1
E,*Daora's Ippos,117800z,300,Ice 180,Pwr Poi Par -- Pai --,30%,O--,G,BW,Rapid 3,Scatter 4,Pierce 5,Rapid 5
Improve,Daora Horn G: 4 |Daora Webbing G: 3 |Elder Dragon Jwl: 1 |Commendation S: 1
,Dragonbow Earth,7900z,192,Drg 120,Pwr Poi Par Slp Pai Raz,0%,O--,D,BW,Pierce 1,Pierce 2,Scatter 3,Rapid 2
Create,Lao-Shan's Horn: 2 |Lao-Shan's Scale: 6 |Lao-Shan's Shell: 4 |Rathian Plate: 1
E,Dragonbow Mountain,47500z,288,Drg 180,Pwr Poi Par Slp Pai Raz,0%,---,A,BW,Pierce 2,Pierce 2,Scatter 4,Rapid 3
Improve,Lao-Shan's Ruby: 1 |Chameleos Hide+: 4 |Daora Carapace: 6
SE,*Dragonbow Meteor,124750z,360,Drg 220,Pwr Poi Par Slp Pai Raz,0%,---,G,BW,Pierce 2,Pierce 3,Scatter 5,Rapid 4
Improve,LaoS Dvine Plate: 1 |Lao-Shan Hvy Cpc: 6 |Lao-ShanThckScl: 4 |Lg Wyvern Stone: 8
,Akantor Bow,80000z,252,Drg 160,Pwr Poi -- -- Pai --,40%,O--,A,BW,Scatter 3,Pierce 3,Rapid 4,-
Create,Akantor Fang: 2 |Akantor Spike: 1 |Akantor Scale: 6 |Gaoren Pincer: 2
E,*Tyrant's Wrack,145000z,312,Drg 200,Pwr Poi -- -- Pai --,40%,O--,G,BW,Scatter 4,Pierce 4,Rapid 5,-
Improve,Akantor Fang: 8 |Lg Wyvern Stone: 4 |Elder Dragon Jwl: 1 |Ucamu Divine Jwl: 1
,Black Bow I,7500z,180,Drg 100,Pwr -- -- -- Pai Raz,0%,O--,D,BW,Scatter 2,Pierce 2,Pierce 3,Scatter 4
Create,Dark Stone: 1 |Dark Piece: 4 |Pokke Ticket: 1
E,Black Bow II,15000z,192,Drg 120,Pwr -- -- -- Pai Raz,0%,O--,A,BW,Scatter 3,Pierce 3,Pierce 4,Scatter 4
Improve,Dark Stone: 2 |ElderDragonBlood: 4 |Union Ore: 20
SR,Exterminator Bow,80000z,312,Def+15,Pwr -- -- -- Pai --,20%,O--,A,BW,Scatter 2,Scatter 3,Rapid 3,Rapid 4
Improve,Fatalis Horn: 3 |Fatalis Scale: 2 |Fatalis Shell: 1
Create,Fatalis Horn: 4 |Fatalis Scale: 2 |Fatalis Shell: 1
SLE,*Annhilator Bow,150000z,384,Def+20,Pwr -- -- -- Pai --,20%,O--,G,BW,Scatter 3,Scatter 4,Rapid 4,Rapid 5
Improve,Fatalis Hvy Horn: 4 |Fatalis Thck Scl: 2 |Fatalis Hvy Shl: 2 |Elder Dragon Jwl: 1
SE,Glorious Victory,80000z,276,Drg 240,-- -- -- -- Pai --,0%,---,A,BW,Scatter 1,Pierce 2,Rapid 2,Rapid 3
Improve,White Ftalis Hrn: 3 |Wht Fatalis Scl: 2 |Wht Fatalis Cpc: 1
Create,White Ftalis Hrn: 4 |Wht Fatalis Scl: 2 |Wht Fatalis Cpc: 1
SSE,*Glorious Triumph,150000z,336,Drg 270,-- -- -- -- Pai --,0%,---,G,BW,Scatter 2,Pierce 3,Rapid 3,Rapid 4
Improve,WhtFatalisHvyHrn: 4 |WhtFatalisThkScl: 2 |WhtFatalisHvyCpc: 1 |Elder Dragon Jwl: 3
,*Ucamulbas Bow,150000z,432,Ice 100 Def+10,Pwr -- -- Slp Pai --,-40%,---,G,BW,Pierce 2,Rapid 2,Scatter 2,Rapid 5
Create,Ucamulbas Jaw: 3 |Ucamulbas Fin: 4 |Ucamulbas Scale: 6 |Ucamu Divine Jwl: 1
,*Devil Blos Bow,690z,324,Fir 150 Def+10,Pwr -- -- -- Pai --,10%,O--,G,BW,Pierce 3,Pierce 4,Pierce 5,Scatter 5
Create,Dengeki Ticket G: 4 |Diablos HvySpne: 4 |Diablos Hvy Cpc: 8 |Majestic Red Hrn: 6
,Hunter's Bow G,75000z,276,,Pwr Poi Par Slp Pai Raz,0%,OOO,9,BW,Rapid 3,Scatter 4,Rapid 5,Scatter 5
Create,Commendation G: 1 |Hvy Monster Bone: 3 |BirdWyvnStoutBne: 10 |Rare Scarab: 10
,Wild Bow G,75000z,336,,-- Poi Par Slp Pai Raz,0%,OOO,9,BW,Pierce 2,Rapid 3,Pierce 4,Rapid 5
Create,Commendation G: 1 |Congalala Pelt G: 6 |ConglalaStrngFng: 4 |Stout Bone: 10
,Wild Power Bow G,75000z,360,,-- Poi Par Slp Pai Raz,0%,OO-,9,BW,Rapid 3,Rapid 4,Pierce 4,Pierce 5
Create,Commendation G: 1 |Vibrant Pelt: 3 |Congalala Claw G: 4 |PhantomButterfly: 4
,Blango Fur Bow G,75000z,276,Ice 180,Pwr Poi Par Slp Pai --,0%,OOO,9,BW,Rapid 2,Scatter 3,Rapid 4,Pierce 5
Create,Commendation S: 1 |Blangonga Pelt G: 4 |Majestic Wht Hrn: 3 |Blangnga HvyFang: 3
,Kut-Ku Stave G,75000z,276,Fir 220,Pwr Poi Par Slp Pai --,0%,O--,9,BW,Scatter 3,Scatter 4,Scatter 5,Pierce 4
Create,Commendation G: 1 |Kut-Ku Thck Scl: 8 |Kut-ku Hvy Cpc: 6 |Majestic Red Hrn: 3
,Tuna Bow G,75000z,324,Par Up,Pwr -- Par Slp Pai Raz,0%,OOO,10,BW,Rapid 3,Scatter 4,Scatter 5,Rapid 4
Create,Commendation G: 1 |Speartuna: 3 |Piscine Fang+: 8 |Paralysis Sac: 10
,Daimyo's Warbow G,75000z,276,Wat 180,Pwr Poi Par Slp Pai --,0%,OO-,9,BW,Scatter 4,Scatter 4,Pierce 4,Rapid 5
Create,Commendation S: 1 |Hermitaur HvyCpc: 6 |Wyvern Skull Shl: 4 |Monoblos Carpce: 6
,Sonic Bow G,75000z,276,Thn 200,Pwr -- Par -- Pai Raz,0%,OO-,9,BW,Rapid 3,Scatter 4,Rapid 5,Scatter 5
Create,Commendation S: 1 |QueenVespoidShl: 5 |Lightning Sac: 4 |HorneturRazrWng: 6
,Diablos Horn Bow G,75000z,372,Def+20,Pwr -- -- -- Pai --,10%,O--,9,BW,Pierce 3,Pierce 4,Pierce 5,Scatter 4
Create,Commendation S: 1 |Glorious Horn: 2 |Diablos Hvy Cpc: 8 |Lg Wyvern Stone: 6
,Dragonbow Solar G,75000z,288,Thn 210,Pwr Poi Par Slp Pai --,10%,O--,10,BW,Scatter 4,Scatter 5,Pierce 3,Pierce 4
Create,Commendation S: 1 |Dragonwood+: 20 |Dragonwood: 20 |YamatsukamiFluid: 8
,Black Bow G,75000z,300,Drg 160,Pwr -- -- -- Pai Raz,0%,OO-,10,BW,Scatter 4,Pierce 4,Pierce 5,Scatter 5
Create,Commendation S: 1 |Lg Wyvern Stone: 10 |Dark Piece: 20 |Pokke Ticket: 10
