,Buster Sword,500z,288,,5.3.7 5.3.9.3,0%,---,1,GS
Create,Iron Ore: 1|Disc Stone: 3
R,Buster Sword+,850z,384,,8.3.8 8.3.11.3,0%,---,1,GS
Improve,Iron Ore: 4 |Disk Stone: 2
Shortcut,Normal Ticket: 1
LR,Buster Blade,1400z,480,,5.2.9.3 5.2.9.8,0%,---,3,GS
Improve,Iron Ore: 6 |Machalite Ore: 1 |Earth Crystal: 5
LLR,Ravager Blade,2150z,576,Def+1,8.3.11.3 8.3.11.8,0%,---,4,GS
Improve,Iron Ore: 10 |Machalite Ore: 5 |Earth Crystal: 10
Create,Earth Crystal: 15 |Iron Ore: 15 |Ice Crystal: 15
LLLR,Ravager Blade+,4250z,768,Def+2,9.4.11.6 9.4.11.7.4,0%,---,4,GS
Improve,Dragonite Ore: 3 |Machalite Ore: 10 |Earth Crystal: 15
Shortcut,Hard Ticket: 1 |Dragonite Ore: 1
LLLLR,Tactical Blade,25000z,960,Def+6,5.3.9.8 5.3.9.13,0%,O--,5,GS
Improve,Rathalos Webbing: 3 |Fire WyvernClaw: 5 |Daora Claw: 5
LLLLLE,*Strategic Blade,40000z,1008,Def+8,5.3.9.13 5.3.9.14.4,0%,OOO,7,GS
Improve,Rathalos Carapace: 8 |Tigrex Claw: 10 |Rathian Spike: 5
LLLLE,Chrome Razor,7150z,816,Poi 320,8.3.11.8 8.3.11.10.3,0%,---,5,GS
Improve,Chameleos Horn: 2 |Teostra Horn: 2 |Tigrex Fang: 8
LLLLSR,*Chrome Death Razor,75000z,912,Poi 500,16.3.2.9.5 16.3.2.9.7.3,0%,---,8,GS
Improve,Azure LaoS Horn: 1 |Daora Jewel: 1 |Chameleos Jewel: 1
LLLLSE,Carbalite Sword,25000z,912,,8.3.11.3 8.3.11.8,0%,---,6,GS
Improve,Carbalite Ore: 3 |Dragonite Ore: 5 |Machalite Ore: 10
Create,Carbalite Ore: 5 |Iron Ore: 50 |Machalite Ore: 20
Shortcut,Plus Class Tcket: 1 |Carbalite Ore: 1
LLLLSSR,Carbalite Sword+,35000z,960,,8.3.11.8 8.3.11.10.3,0%,---,6,GS
Improve,Union Ore: 5 |Carbalite Ore: 10 |Disk stone: 50
LLLLSSLR,Lacerator Blade,55000z,1104,Def+4,16.3.2.9 16.3.2.9.5,0%,O--,7,GS
Improve,Azure Rthlos Cpc: 2 |Tigrex Claw+: 5 |Carbalite Ore: 10
LLLLSSLLE,*Master Blaze,95000z,1440,Def+8,16.3.2.9.5 16.3.2.9.7.3,0%,O--,9,GS
Improve,HvyRathianShell: 7 |HrdFireWyvernClw: 5 |Eltalite Ore: 10 |ThickNargaScale: 5
LLLLSSLR,Decider,75000z,1104,,5.3.9.14.4 5.3.9.14.6.3,0%,---,9,GS
Improve,Eltalite Ore: 5 |Carbalite Ore: 10 |Emperor Cricket: 5 |RobustWyvernBone: 3
Create,Eltalite Ore: 10 |Union Ore: 10 |Emperor Cricket: 10 |Monster Essence: 2
LLLLSSLLR,*Punisher,100000z,1296,,8.3.11.10.6.2 8.3.11.10.6.5.2,0%,OO-,9,GS
Improve,Mellanje Ore: 5 |Eltalite Ore: 10 |PhantomButterfly: 5 |Massive Bone: 3
LLLLSSLLR,Igneous Blade,100000z,1200,Fir 200,18.2.7.7.1 18.2.7.7.4.2,10%,O--,9,GS
Improve,ThckLavasiothScl: 2 |SpecLavasioFin+: 2 |Monster Broth: 5
Create,SpecLavasioFin+: 3 |HvyLavasiothShl: 5 |Monster Essence: 3 |Firecell Stone: 3
LLLLSSLLLE,*Igneous Sword,120000z,1344,Fir 220,18.2.7.7.4.2 18.2.7.7.4.4.3,20%,O--,10,GS
Improve,HvyLavasiothFang: 5 |HvyLavasiothShl: 6 |FireWyvrn BrnStm: 3 |HvnlyBlkGraviShl: 1
LLLLSSLLE,Liquid Fire Blade,100000z,1200,Fir 200,18.2.7.7.1 18.2.7.7.4.2,15%,O--,9,LS
Improve,SpecLavasioFin+: 2 |HvyLavasiothFang: 2 |Dragonite Ore: 12 |Union Ore: 5
Create,ThckLavasiothScl: 8 |HvyLavasiothShl: 6 |Carbalite Ore: 10
LLLLSSLLSE,*Divine Fire Blade,120000z,1296,Fir 220,18.2.7.7.4.2 18.2.7.7.4.4.3,20%,O--,10,LS
Improve,HvyLavasiothShl: 8 |HvyLavasiothFang: 2 |Eltalite Ore: 12 |HvnlyGraviosShl: 1
LLLLSSLE,Demon Halberd,80000z,864,Thn 180,9.4.11.6 9.4.11.7.4,10%,---,7,LS
Improve,Rajang Fang: 3 |Blk Rajang Pelt: 4 |Union Ore: 8
Create,Rajang Fang: 3 |Blk Rajang Pelt: 5 |Gold Rajang Pelt: 1 |Commendation: 4
LLLLSSLSE,Great Demon Halberd,90000z,912,Thn 240,18.2.7.7.1 18.2.7.7.3.2,15%,---,8,LS
Improve,Rajang Claw: 4 |Rajang Tail: 4 |Rare Scarab: 10
LLLLSSLSSE,*GrtDemnHalberdRaksha,130000z,1248,Thn 250,18.2.7.7.4.2 18.2.7.7.4.4.3,25%,O--,8,LS
Improve,Hvy Rajang Fang: 4 |Blk Rajang Pelt+: 5 |GoldRajangPelt+: 1 |YamaTsukamiFluid: 3
LLLLSSR,Bronze Coin,35000z,864,Def+20,12.11.5.4.3 12.11.5.2.8,0%,---,5,GS
Improve,Gaoren Pincer: 1 |Gaoren Shell: 3 |Ancient Fish: 3
Create,Gaoren Pincer: 3 |Gaoren Spine: 5 |Gaoren Claw: 1 |Black Pearl: 20
LLLLSSLE,Gaoren Coin,85000z,1008,Def+30,8.3.11.10.3 8.3.11.10.6.2,0%,---,8,GS
Improve,Gaoren Thoracic: 3 |Gaoren Carapace: 5 |Gaoren Claw: 5
LLLLSSLSE,*Gaoren Cleaver,130000z,1440,Def+30,8.3.11.10.6.2 8.3.11.10.6.5.2,0%,---,10,GS
Improve,Hvy Gaoren Spine: 3 |Lao-Shan'sHvyShl: 5 |Giant Blk Pearl: 3 |HvnlyGaorenShell: 1
LLLLSSE,Guardian Sword,30000z,912,,5.3.9.8 5.3.9.13,0%,OOO,6,LS
Improve,Novacrystal: 2 |Light Crystal: 15 |Carbalite Ore: 10
Create,Plus Class Tcket: 1 |Novacrystal: 1
LLLLSSSE,Imperial Sword,60000z,1008,,4.3.9.14 4.3.9.14.5,10%,OOO,7,LS
Improve,Union Ore: 10 |Earth Crystal: 30 |Basarios Tears: 3
LLLLSSSSE,Aqua Guardian,90000z,1104,Wat 300,4.3.9.14.5 4.3.9.14.5.3,0%,OO-,9,LS
Improve,Purecrystal: 2 |Novacrystal: 15 |Eltalite Ore: 10 |HvyPiscineFang: 3
Create,Purecrystal: 5 |Union Ore: 20 |Basarios Tears: 3 |Eltalite Ore: 12
LLLLSSSSSR,*Atlantica,115000z,1296,Wat 350,4.3.9.14.5.4 4.3.9.14.5.4.3,0%,OO-,9,LS
Improve,Mellanje Ore: 10 |SpecPlesiothFin+: 4 |StrBasariosWing: 2 |Lg WyvernStone: 1
LLLLSSSSSE,Edelweiss Ice Blade,75000z,1104,Ice 150,4.3.9.14.5 4.3.9.14.5.3,0%,O--,9,LS
Improve,Eltalite Ore: 15 |Purecrystal: 1 |Ice Crystal: 20 |Blangonga Fang+: 10
LLLLSSSSSSE,Edelweiss Ice Blade+,100000z,1344,Ice 200,5.3.9.14.6.3 5.3.9.14.6.5.3,0%,OO-,9,LS
Improve,Eltalite Ore: 15 |HvyBlangongaFang: 3 |ThckDaoraDrgnScl: 5
LLLE,Khezu Shock Sword,3100z,624,Thn 220,13.1.6.5 13.1.6.10,0%,---,1,GS
Improve,Flabby Hide: 3 |Electro Sac: 2 |Iron Ore: 15
Create,Flabby Hide: 5 |Thunderbug: 15 |Machalite Ore: 8 |Rubbery Hide: 5
LLLSE,Khezu Shock Blade,50000z,960,Thn 250,8.3.11.10.3 8.3.11.10.6.2,0%,---,7,GS
Improve,Khezu Hide - Tan: 8 |Thunder Sac: 3 |Rubbery Hide+: 5
LLLSSE,Khezu Shock Full,85000z,1056,Thn 280,5.3.9.14.4 5.3.9.14.6.3,0%,O--,9,GS
Improve,Khezu Hide - Gloss: 5 |Lightning Sac: 3 |Eltalite Ore: 5 |Thunderbug Juice: 10
LLLSSSE,*Khezu Shock Full+,120000z,1200,Thn 350,8.3.11.10.6.2 8.3.11.10.6.5.2,0%,OO-,9,GS
Improve,SpecRubberyHide+: 5 |Thunderbug Jelly: 3 |HvyLavasiothShl: 3 |KhezuChoiceSteak: 1
LLE,Cat's Soul,2150z,480,Par 200,13.1.6.5 13.1.6.10,0%,O--,1,GS
Improve,Pawprint Stamp: 1 |Paralysis Sac: 4 |FlynMealPassReg: 2
LLSE,Cat's Curse,4250z,624,Par 360,18.2.7.3 18.2.7.7.1,0%,O--,4,GS
Improve,Rainbow Insect: 2 |FlynMealPassReg:4 |FlynMealPassPlus: 1
LLSSE,Cat's King,45000z,720,Par 450,8.3.11.8 8.3.11.10.3,0%,O--,6,GS
Improve,Carbalite Ore: 5 |Felyne Fur Ruby: 1 |FlynMealPassPlus: 5
LLSSSE,Cat of Venus,75000z,912,Par 400,12.11.5.4.3 12.11.5.4.8,0%,O--,9,GS
Improve,Eltalite Ore: 5 |Thunderbug Jelly: 5 |Gld Rathian Scl+: 6 |FlynMealPassReg: 5
Create,Eltalite Ore: 15 |Thunderbug Jelly: 8 |Gld Rathian Cpc: 10 |Felyne Fur Ruby: 5
LLSSSSE,*Cat of Gold,95000z,1008,Par 460,9.4.11.7.4 9.4.11.7.6.3,0%,O--,9,GS
Improve,PhantomButterfly: 8 |Felyne Fur Ruby: 3 |FlynMealPassPlus: 5 |ShakalakaTreasr+: 2
LR,Defender,1400z,432,Def+10,3.7.5 3.7.10,0%,---,1,GS
Improve,Iron Ore: 10 |Disk stone: 10 |Machalite Ore: 2
LLE,Sentinel,2600z,576,Def+20,3.7.10 3.7.15,0%,O--,1,GS
Improve,Iron Ore: 20 |Earth Crystal: 15 |Machalite Ore: 8
LLSR,Barbaroi Blade,2150z,480,Fir 250 Def+12,9.4.11.1 9.4.11.6,0%,O--,3,GS
Improve,Machalite Ore: 8 |Unknown Skull: 1 |Flame Sac: 3
Create,Flame Sac: 4 |Carpenterbug: 8 |Iron Ore: 30 |Unknown Skull: 1
LLSLE,*Crimson Goat,6350z,624,Fir 500 Def+16,3.7.18.2 3.7.18.4.3,0%,O--,4,GS
Improve,Machalite Ore: 12 |Gravios Shell: 4 |Firestone: 3
LLSE,Halberd,4250z,864,,12.11.2 12.11.5.2,0%,---,4,GS
Improve,Dragonite Ore: 4 |Iron Ore: 15 |Med Monster Bone: 15
Create,Dragonite Ore: 8 |Iron Ore: 30 |Monster Bone+: 2 |Hercudrome: 3
LLSSE,*Judgement,40000z,1056,,5.3.9.3 5.3.9.8,0%,---,6,GS
Improve,Carbalite Ore: 5 |Machalite Ore: 20 |King Scarab: 5
LE,Iron katana,1400z,480,,5.3.7 5.3.9.3,0%,---,1,LS
Improve,Iron Ore: 5 |Machalite Ore: 1 |Disk stone: 5
Create,Machalite Ore: 3 |Iron Ore: 8 |Carpenterbug: 8 |Ice Crystal: 8
Shortcut,Hard Ticket: 1 |Iron Ore: 1
LSE,Iron katana "Grace",1750z,528,,5.3.9.3 5.3.9.8,0%,---,2,LS
Improve,Iron Ore: 10 |Machalite Ore: 5 |Earth Crystal: 10
LSSR,Iron katana "Gospel",2150z,576,,13.1.6.5 13.1.6.10,0%,---,2,LS
Improve,Iron Ore: 15 |Machalite Ore: 12 |Earth Crystal: 15
LSSLR,Eager Cleaver,3650z,624,Thn 250,5.3.9.9 5.3.9.13,0%,---,3,LS
Improve,Machalite Ore: 15 |Earth Crystal: 30 |Electro Sac: 4
LSSLLE,Devil Slicer,6350z,720,Thn 450,13.1.6.10 13.1.6.13.2,0%,O--,4,LS
Improve,Dragonite Ore: 5 |Machalite Ore: 20 |Thunderbug Juice: 4 |Kirin Thndr Tail: 2
LSSLLSE,True Devil Slicer,70000z,816,Thn 520,16.3.2.9.5 16.3.2.9.7.3,0%,O--,7,LS
Improve,Carbalite Ore: 10 |Dragonite Ore:20 |Thunder Sac: 4 |Khezu Steak: 1
LSSLLSSE,Wailing Cleaver,100000z,960,Thn 540,12.11.5.4.8 12.11.5.4.8.3.2,0%,O--,9,LS
Improve,Eltalite Ore: 10 |Tigrex Scale+: 8 |Lightning Sac: 4 |KhezuChoiceSteak: 1
LSSLLSSSE,*Wailing Cleaver Shin,120000z,1200,Thn 560,13.1.6.13.4.3 13.1.6.13.4.6.2,0%,O--,10,LS
Improve,Mellanje Ore: 5 |Thunderbug Jelly: 8 |LthrKirinThndrTl: 2 |Hard Rajang Claw: 4
LSSLR,Saber,5600z,720,Fir 350,8.3.10.4 8.3.11.8,0%,---,5,LS
Improve,Lunastra Shell: 2 |Fire Drgn Webbng: 2 |Fire Dragon Scl: 4
Create,Lunastra Mane: 1 |Lunastra Horn: 2 |Lunastra Shell: 4 |Commendation: 2
LSSLLE,Lion Dance Saber,50000z,816,Fir 400,9.4.11.6 9.4.11.7.4,0%,---,7,LS
Improve,Firecell Stone: 5 |Lunastra Horn: 2 |Lunastra Tail: 4
LSSLLSE,Lion King Saber,90000z,864,Fir 460,3.7.18.4.3 3.7.18.4.4.4,0%,O--,8,LS
Improve,Lunastra Spike: 2 |Fire Dragon Pwdr: 3 |Fire Drgn Jwl: 1
LSSLLSSE,*Lion Emperor Saber,100000z,912,Fir 480,12.11.5.4.8 12.11.5.4.8.3.2,0%,---,8,LS
Improve,Lunastra Spike: 4 |LunastraCarapace: 5 |ElderDragonBlood: 5 |Commendation G: 2
LSSLE,Mirage Finsword,35000z,816,Def+8,8.3.11.8 8.3.11.10.3,10%,O--,5,LS
Improve,Chameleos Hide: 3 |Chameleos Tail: 1 |ChameleosWebbing: 2
Create,Chameleos Horn: 2 |Chameleos Hide: 5 |Chameleos Tail: 2 |Dragonite Ore: 8
LSSLSE,Mirage Finsword+,90000z,1056,Def+8,13.1.6.13.2 13.1.6.13.4.3,20%,O--,8,LS
Improve,Chameleos Spike: 2 |Union Ore: 10 |Chameleos Hide+: 5
LSSLSSE,*Phantom Mirage,130000z,1344,Def+10,16.3.2.9.7.3 16.3.2.9.7.6.2,30%,O--,10,LS
Improve,HrdChameleosHorn: 2 |SpecChameleHide+: 5 |LthrChameleoTail: 3 |Chameleos Jewel: 3
LSSE,Dark Scythe,2150z,624,,12.11.5.2 12.11.5.4.3,-10%,---,3,LS
Improve,Piscine Fang: 8 |Killer Beetle: 3 |Unknown Skull: 2
Create,Lg Monster Bone: 6 |Bulldrome Tusk: 3 |Knife Mackerel: 8 |Monster Fluid: 4
LSSSR,Tormentor,5600z,960,,18.2.7.3 18.2.7.7.1,-10%,---,4,LS
Improve,Elder Dragon Bone: 5 |Black Blos Shell: 4 |Black Blos Spine: 3
Create,Plus Class Tcket: 1 |Black Blos Spine: 1
LSSSLR,Scythe of Menace,65000z,960,Poi 320,12.11.5.4.3 12.11.5.4.8,-10%,---,6,LS
Improve,Master's Skull: 2 |Toxin Sac: 8 |Union Ore: 10
LSSSLLE,*Big Menacing Scythe,95000z,1056,Poi 340,18.2.7.7.4.2 18.2.7.7.4.4.3,-10%,OO-,9,LS
Improve,Hvy Monster Bone: 5 |DeadlyPoisonSac: 3 |Rathian Spike+: 2 |Eltalite Ore: 5
LSSSLE,Crab Cutter,40000z,864,Def+28,9.4.11.6 9.4.11.7.4,0%,O--,6,LS
Improve,Hermitaur Claw+: 2 |Hermitaur Shell: 10 |Hrd Monster Bone: 2
Create,Hermitaur Claw+: 4 |Hermitaur Claw: 6 |Stout Bone: 3 |Black Pearl: 10
LSSSLSE,Daimyo Cutter,50000z,960,Def+36,9.4.11.7.4 9.4.11.7.6.3,0%,OO-,7,LS
Improve,Hermitaur Claw+: 3 |Hermitaur Carpce: 6 |Ceanataur Claw+: 2
LSSSLSSR,Hermitaur Slicer,85000z,1104,Def+40,16.3.2.9.5 16.3.2.9.7.3,0%,OO-,9,LS
Improve,PlumD.HermitrClw: 2 |PlumD.HermitrShl: 5 |Piercing Claw: 8
LSSSLSSLE,*Hermitaur Slasher,115000z,1296,Def+40,9.4.11.7.6.3 9.4.11.7.6.4.4,0%,OO-,9,LS
Improve,PlumD.HermitrClw: 3 |TerraCeanatrClaw: 2 |Giant Blk Pearl: 2 |PhantomButterfly: 4
LSSSLSSE,Shogun Cutter,85000z,1200,,12.11.5.4.8.3.2 12.11.5.4.8.3.2,0%,O--,9,LS
Improve,HrdCeanataurClaw: 2 |HvyCeanataurShl: 5 |Ceanataur Pincer: 5
LSSSLSSSE,*Killer's Sickle,115000z,1248,,5.3.9.14.6.5.3 5.3.9.14.6.5.3,0%,O--,10,LS
Improve,HrdCeanataurClaw: 3 |HvyCeanataurLeg: 5 |Hard Gaoren Claw: 2 |Giant Blk Pearl: 3
LSSSE,Crimson Scythe,3100z,624,Fir 120,9.4.11.1 9.4.11.6,0%,---,3,LS
Improve,Blood Red Horn: 1 |Flame Sac: 3 |Monster Fluid: 5
LSSSSR,Monoblos Scythe,6350z,768,Fir 180,8.3.11.8 8.3.11.10.3,0%,OO-,4,LS
Improve,Monoblos Spine: 5 |Blos Fang: 10 |Monoblos Heart: 1
LSSSSLE,*Monoblos Scythe+,75000z,1008,Fir 240,8.3.11.10.3 8.3.11.10.6.2,0%,OO-,7,LS
Improve,Top-GrdRedHorn: 2 |MonoblosThoracic: 5 |Inferno Sac: 3
LSSSSE,White Mantis,4250z,672,Wat 210,9.4.11.6 9.4.11.7.4,0%,---,4,LS
Improve,Top-GrdPlatHorn: 1 |Wht Monoblos Spn: 4 |Hercudrome: 2
LSSSSSE,Frost Ripper,70000z,912,Wat 240,18.2.7.7.1 18.2.7.7.4.2,0%,---,7,LS
Improve,Wht Monoblos Hrn: 3 |Lg Lobstershell: 2 |Monoblos Heart: 1
LSSSSSSE,*Weiss Crescent,85000z,960,Wat 260,9.4.11.7.4 9.4.11.7.6.3,0%,---,7,LS
Improve,Top-GrdPlatHorn: 2 |WhtMonoblosThora: 5 |Wht Monoblos Cpc: 3
R,White Serpentblade,1100z,384,Ice 120,13.1.6 13.1.6.5,0%,---,1,GS
Improve,Giaprey Scale: 5 |Sm Monster Bone: 3 |Carpenterbug: 2
Create,Giaprey Hide: 6 |Sharp Claw: 4 |Iron Ore: 5 |Brute Bone: 3
Shortcut,Plus Class Tcket: 1 |Giaprey Scale: 1
LE,Silver Serpentblade,2510z,480,Ice 240,5.3.9.8 5.3.9.13,0%,---,1,GS
Improve,Giadrome Claw: 4 |Giadrome Hide: 4 |Med Monster Bone: 10
LSR,*Golden Serpentblade,40000z,816,Ice 400,5.3.9.13 5.3.9.14.4,0%,OO-,6,GS
Improve,Giadrome Claw+: 4 |Giaprey Hide+: 10 |Giadrome Skull: 2
LSE,Vile Serpentblade,2150z,528,,5.3.9.13 5.3.9.14.4,0%,---,1,GS
Improve,Velocidrome Claw: 4 |Velociprey Scale: 10 |Velocidrome Hide: 5
LSSE,Deadly Serpentblade,4900z,720,Poi 270,5.3.9.13 5.3.9.14.4,0%,OO-,4,GS
Improve,Remobra Skin: 5 |Ioprey Fang: 20 |Light Crystal: 2
LSSSE,*Poison Serpentblade,40000z,864,Poi 380,13.1.6.13.2 13.1.6.13.4.3,0%,OO-,6,GS
Improve,Remobra Skin+: 5 |Remobra Skull: 1 |Novacrystal: 2
E,Blango Destroyer,1100z,384,Ice 100,18.2.5 18.2.7.3,0%,---,2,LS
Improve,Blango Pelt: 6 |Iron Ore: 8 |Ice Crystal: 5
Create,Blango Pelt: 8 |Sharp Claw: 5 |Iron Ore: 5 |Carpenterbug: 5
Shortcut,Plus Class Tcket: 1 |Blango Pelt: 1
SE,Blango Destroyer+,2150z,480,Ice 200,18.2.7.3 18.2.7.7.1,0%,---,3,LS
Improve,Blango Pelt: 10 |Sharp Claw: 6 |Killer Beetle: 2
SSE,Blango Decimator,4900z,672,Ice 250,13.1.6.10 13.1.6.13.2,10%,---,4,LS
Improve,Blangonga Whiskr: 5 |Blangonga Fang: 3 |Ice Crystal: 20
SSSE,Blango Destructor,50000z,864,Ice 350,7.3.11.11.3 7.3.11.11.6.2,15%,---,7,LS
Improve,Blangonga Pelt+: 8 |Blangonga Fang+: 2 |Blangonga Tail: 5
SSSSE,C.Blango Decimator,85000z,1392,,18.2.7.7.4.2 18.2.7.7.4.4.3,-10%,O-,9,LS
Improve,C.BlangongaPelt+: 5 |HvyC.BlangoFang: 2 |Eltalite Ore: 10
SSSSSE,*C.Blango Destructor,115000z,1536,,9.4.11.7.6.3 9.4.11.7.6.4.4,-20%,O-,10,LS
Improve,LthrC.BlangoTail: 2 |Lthr Pelagus Plt: 2 |Blk Rajang Pelt+: 5 |Hvy Rajang Fang: 2
,Bone Blade,500z,336,,9.4.2 9.4.7,0%,---,1,GS
Create,Sm Monster Bone: 3
E,Bone Blade+,850z,384,,9.4.7 9.4.11.1,0%,---,1,GS
Improve,Sm Monster Bone: 3
SR,Bone Slasher,1100z,432,,9.4.11.1 9.4.11.6,0%,---,2,GS
Improve,Sm Monster Bone: 4 |Brute Bone: 4 |Carpenterbug: 5
Create,Hard Ticket: 1 |Brute Bone: 1
SLR,Golem Blade,1750z,528,Def+2,3.7.15 3.7.18.2,0%,OO-,2,GS
Improve,Med Monster Bone: 2 |Sharp Claw: 6 |Monster Fluid: 1
Create,Lg Monster Bone: 3 |Brute Bone: 8 |Sharp Claw: 6 |Carpenterbug: 10
SLLE,Golem Blade+,2600z,576,Def+4,5.3.9.3. 5.3.9.8,0%,OO-,3,GS
Improve,Lg Monster Bone: 3 |Piscine Fang: 3 |Monster Fluid: 2
SLLSR,Valkyrie Blade,3100z,624,Def+6,8.3.11.3 8.3.11.8,0%,OO-,3,GS
Improve,FireWyvernFluid: 3 |Tigrex Fang: 5 |Giant Bone: 3
Create,Rathian Scale: 4 |Rathian Shell: 3 |FireWyvernFluid: 4 |Mega Demondrug: 1
SLLSLR,*Sieglinde,8000z,912,Def+6,16.3.2.9 16.3.2.9.5,0%,OO-,5,GS
Improve,Rathian Shell: 3 |Rathian Scale: 6 |Rathian Spike: 2
SLLSLR,Titernia,7150z,768,Drg 160 Def+8,9.4.11.6 9.4.11.7.4,0%,OO-,5,GS
Improve,Pnk Rathian Shl: 4 |Pnk Rathian Scl: 5 |Eldr Dragon Bone: 2
SLLSLLE,Blushing Dame ,70000z,864,Drg 220 Def+10,9.4.11.7.4 9.4.11.7.6.3,0%,OO-,7,GS
Improve,Pnk Rathian Cpc: 4 |Pnk Rathian Scl+: 5 |Rathian Ruby: 1
SLLSLLSE,Alveblade,105000z,1200,Drg 240 Def+10,13.1.6.13.4.3 13.1.6.13.4.6.2,0%,OO-,9,GS
Improve,ThckAzurRthlsScl: 5 |ThckPnkRathnScl: 5 |Rathalos Ruby: 1 |Rathian Ruby: 1
SLLSLLSSE,*Brunhild,125000z,1296,Drg 250 Def+10,9.4.11.7.6.3 9.4.11.7.6.4.4,0%,OO-,10,GS
Improve,HvyAzurRthlsShl: 5 |HvyPnkRathianShl: 5 |LthrAzrRthlsTail: 2 |GoldRathianThorn: 1
SLLSLE,Spartacus Blade,6350z,816,Def+4,9.4.11.6 9.4.11.7.4,10%,O--,4,GS
Improve,Rathalos Shell: 4 |Rathalos Tail: 3 |Tigrex Tail: 3
SLLSLSR,*Siegmund,75000z,1056,Def+10,13.1.6.13.2 13.1.6.13.4.3,15%,O--,7,GS
Improve,Rathian Carapace: 6 |Rathalos Ruby: 1 |Monoblos Heart: 1
SLLSLSE,Obelion,50000z,816,Drg 180,13.1.6.10 13.1.6.13.2,0%,O--,6,GS
Improve,Rathalos Scale+: 6 |Azure Rthlos Shl: 4 |Azure Rthlos Scl: 6
SLLSLSSE,Pael Keizah,70000z,912,Drg 230,13.1.6.13.2 13.1.6.13.4.3,0%,O--,7,GS
Improve,Azure Rthlos Cpc: 10 |Azur Rthlos Wing: 2 |Rathalos Plate: 2
SLLSLSSSE,Alveblade,(same above),98
SLLSE,Executioner,4250z,816,,18.2.5 18.2.7.3,0%,---,4,GS
Improve,Lg Monster Bone: 10 |Hercudrome: 3 |Dragonite Ore: 5
Create,Plus Class Tcket: 1 |Hercudrome: 1 |Monster Bone+: 1
SLLSSR,Executioner+,5600z,864,,18.2.7.3 18.2.7.7.1,0%,O--,4,GS
Improve,Lg Monster Bone: 12 |Diablos Spine: 2 |Mega Demondrug: 3
SLLSSLE,*Enforcer's Axe,60000z,1104,,8.3.11.8 8.3.11.10.3,-5%,O--,6,GS
Improve,Rathian Carapace: 5 |Diablos Shell: 8 |Wht Monoblos Spn: 5
SLLSSR,Agito,25000z,960,,9.4.11.1 9.4.11.6,0%,---,6,GS
Improve,Hrd Monster Bone: 2 |Monster Bone+: 5 |Lg Monster Bone: 8
Create,Hrd Monster Bone: 5 |Med Monster Bone: 20 |Lg Monster Bone: 10
Shortcut,Plus Class Tcket: 1 |Hrd Monster Bone: 1
SLLSSLR,WyvernAgito,35000z,1008,,9.4.11.6 9.4.11.7.4,0%,---,6,GS
Improve,Cephalos Scale+: 5 |Hrd Monster Bone: 3 |Piscine Fang: 20
SLLSSLLR,*True Dragon's Jaw,55000z,1056,,9.4.11.7.4 9.4.11.7.6.3,0%,OO-,7,GS
Improve,Pnk Rathian Cpc: 3 |Coral Cphlos Fin: 3 |Congalala Claw: 10
SLLSSLLE,Demon Rod,80000z,768,Thn 300,9.4.11.6 9.4.11.7.4,15%,---,7,GS
Improve,Rajang Fang: 3 |Blk Rajang Pelt: 4 |Union Ore: 4
Create,Rajang Horn: 1 |Rajang Fang: 4 |Rajang Tail: 2 |Commendation: 4
SLLSSLLSE,Great Demon Rod,90000z,864,Thn 380,18.2.7.7.1 18.2.7.7.4.2,20%,---,8,GS
Improve,Rajang Horn: 3 |Rajang Claw: 5 |Gold Rajang Pelt: 1
SLLSSLLSSE,*Great Demon Hot Rod,130000z,1248,Thn 400,18.2.7.7.4.2 18.2.7.7.4.4.3,25%,---,10,GS
Improve,Hard Rajang Horn: 3 |Blk Rajang Pelt+: 4 |Hvy Rajang Fang: 4 |GoldRajangPelt+: 1
SLLSSLE,Rusty Claymore,30000z,912,Def+10,5.3.9.8 5.3.9.13,10%,---,6,LS
Improve,Novacrystal: 2 |Rathalos Shell: 5 |Daora Shell: 5
SLLSSLSE,Grind Claymore,60000z,960,Def+12,5.3.9.13 5.3.9.14.4,10%,O--,7,LS
Improve,Rathalos Scale+: 5 |Rathalos Wing: 3 |DaoraDragonScale: 20
SLLSSLSSE,Gaelic Flame,95000z,1056,Def+14,13.1.6.13.2 13.1.6.13.4.3,15%,OO-,8,LS
Improve,Daora Carapace: 5 |DaoraDragonScal+: 8 |FireWyvrn BrnStm: 2
SLLSSLSSSE,*Last Gaelic Flame,135000z,1392,Def+16,13.1.6.13.4.3 13.1.6.13.4.6.2,20%,OO-,10,LS
Improve,HvyRathalosShl: 5 |Hvy Daora Shell: 5 |StrRathalosWing: 2 |Str Daora Wing: 2
SLLSSR,Kirin Thundersword,20000z,624,Thn 550,5.3.9.13 5.3.9.14.4,0%,---,5,GS
Improve,Kirin Horn: 4 |Kirin Mane: 4 |Rubbery Hide: 4
Create,Kirin Horn: 7 |Kirin Mane: 2 |Rubbery Hide: 2 |Light Crystal: 3
SLLSSLE,King Thundersword,60000z,816,Thn 610,5.3.9.14.4 5.3.9.14.6.3,0%,---,8,GS
Improve,Kirin Azure Horn: 4 |Kirin Thndr Tail: 4 |Rubbery Hide+: 4
SLLSSLSE,*ImperialThundersword,100000z,1152,Thn 640,5.3.9.14.6.3 5.3.9.14.6.5.3,0%,---,10,GS
Improve,Kirin Azure Horn: 5 |Platinum Mane: 4 |LthrKirinThndrTl: 2 |Purecrystal: 2
SLLSSE,Sword of the Diablos,5600z,912,,9.4.11.6 9.4.11.7.4,-10%,---,5,GS
Improve,TwstBlkBlosHrn: 2 |Diablos Tail: 3 |Black Blos Tail: 3
SLLSSSE,Diablo Destroyer,75000z,1152,,9.4.11.7.4 9.4.11.7.6.3,-30%,---,7,GS
Improve,Majestic Horn: 4 |Diablos Thoracic: 5 |Blk Blos Thracic: 5
SLLSSSSE,*King Atillart Sword,115000z,1488,,9.4.11.7.6.3 9.4.11.7.6.4.4,-15%,---,10,GS
Improve,StoutWarpedHorn: 2 |StoutBlkTwstdHrn: 2 |HvyDiablosSpine: 5 |Blk Blos HvySpne: 5
SLR,Finblade,2150z,480,Wat 260,8.3.4 8.3.9,0%,---,2,GS
Improve,Cephalos Fin: 2 |Lg Monster Bone: 2 |Machalite Ore: 3
Create,Cephalos Scale: 4 |Springnight Carp: 2 |Piscine Fang: 2 |Monster Fluid: 3
SLLE,Plesioth Watersword,3650z,576,Wat 390,13.1.6.5 13.1.6.10,0%,---,2,GS
Improve,Plesioth Fin: 3 |Plesioth Scale: 4 |Mega Demondrug: 1
SLLSE,Plesioth Crystasword,6350z,672,Wat 470,13.1.6.10 13.1.6.13.2,0%,---,4,GS
Improve,Grn Plesioth Fin: 4 |Grn Plesioth Scl: 5 |Monster Bone+: 2
SLLSSE,Plesioth Azureblade,55000z,816,Wat 620,13.1.6.13.2 13.1.6.13.4.3,0%,---,6,GS
Improve,Grn Plsioth Fin+: 4 |Grn Plsioth Scl+: 5 |Plesioth Scale+: 5
SLLSSSE,Plesioth Wave Sword,90000z,1056,Wat 400,5.3.9.14.4 5.3.9.14.6.3,0%,O--,9,GS
Improve,ThckPlesiothScl: 5 |ThckGrnPlesioScl: 5 |HvyPiscineFang: 5 |Coral Cphlos Scl: 5
SLLSSSSE,*Plesioth Wave Blade,110000z,1296,Wat 470,13.1.6.13.4.3 13.1.6.13.4.6.2,0%,O--,9,GS
Improve,SpecPlesiothFin+: 3 |SpecGrnPlesioFn+: 3 |SpecLavasioFin+: 3 |Coral Cphlos Fin: 5
SLR,Chick Decapitator,2150z,528,,5.3.9.3 5.3.9.8,10%,---,3,GS
Improve,Kut-Ku Shell: 2 |Kut-Ku Scale: 4 |Carpenterbug: 3
SLLR,Chicken Decapitator,4900z,768,,5.3.9.8 5.3.9.13,15%,---,4,GS
Improve,Kut-Ku Ear: 3 |Kut-Ku Webbing: 6 |Fire Drgn Webbng: 1
SLLLE,Rooster Decapitator,45000z,912,,13.1.6.10 13.1.6.13.2,20%,---,6,GS
Improve,Kut-Ku Carapace: 6 |Long Kut-Ku Ear: 2 |Killer Beetle: 15
SLLLSR,Pickaxe Blade,50000z,672,Slp 150 Def+8,5.3.9.13 5.3.9.14.4,0%,---,6,GS
Improve,Top-GrdHypnoClaw: 5 |OrangeHypnoPelt: 3 |King Scarab: 5 |Sleepyfish: 5
Create,Hypno Beak: 2 |OrangeHypnoPelt: 8 |Hypno Bezoar: 1 |Sleep Sac: 5
SLLLSLE,Pickaxe Blade+,80000z,864,Slp 170 Def+14,13.1.6.13.2 13.1.6.13.4.3,0%,O--,9,GS
Improve,Hypno Fang: 2 |OrangeHypnoPelt+: 5 |RobustWyvernBone: 4 |Sleep Sac: 10
Create,Hypno Fang: 4 |OrangeHypnoPelt+: 8 |Thick Kut-Ku Scl: 4 |Hypno Bezoar+: 1
SLLLSLSE,*Sleep Sword Zantoma,105000z,1056,Slp 220 Def+18,13.1.6.13.4.3 13.1.6.13.4.6.2,0%,OO-,9,GS
Improve,Hypno Claw+: 5 |RainbowTailFeath: 5 |Hypno Bezoar+: 1 |Coma Sac: 3
SLLLSE,Slaughter,65000z,816,Poi 420,18.2.7.7.1 18.2.7.7.4.2,15%,---,6,GS
Improve,Rubbery Hide+: 3 |Pur Gypceros Wng: 3 |Toxin Sac: 5
Create,Rubbery Hide+: 5 |Pur Gypceros Wng: 5 |Hrd Monster Bone: 10 |Gypceros Head: 2
SLLLSSE,Slaughter+,90000z,1056,Poi 450,9.4.11.7.4 9.4.11.7.6.3,15%,---,9,GS
Improve,SpecRubberyHide+: 3 |HrdPuGypcerosWng: 3 |DeadlyPoisonSac: 3 |Chameleos Hide+: 2
SLLLSSSE,*Poison King,115000z,1296,Poi 470,18.2.7.7.4.2 18.2.7.7.4.4.3,20%,---,9,GS
Improve,HardGypcerosHead: 1 |RobustWyvernBone: 5 |Purecrystal: 2 |SpecChameleHide+: 3
SLLE,Sentoryu Raven,10000z,672,,9.4.11.6 9.4.11.7.4,20%,---,5,GS
Improve,Garuga Wing: 1 |Garuga Shell: 5  |Sharpened Beak: 1
Create,Garuga Wing: 2 |Garuga Shell: 3 |Garuga Tail: 2 |Giant Bone: 2
SLLSE,Sentoryu Wolf,65000z,864,,9.4.11.7.4 9.4.11.7.6.3,35%,OO-,7,GS
Improve,Garuga Carapace: 4 |Daora Webbing: 4 |Rejuvenated Beak: 1
SLLSSR,*Sentoryu Crow,105000z,1248,,9.4.11.7.6.3 9.4.11.7.6.4.4,40%,OOO,9,GS
Improve,Str Garuga Wing: 2 |Hvy Garuga Shell: 5 |LethrGarugaTail: 1 |Hvy Monster Bone: 2
SLLSSE,Daito Wolf,65000z,1008,Poi 100,8.3.11.10.3 8.3.11.10.6.2,15%,---,7,LS
Improve,Rejuvenated Beak: 1 |Long Garuga Ear: 2 |Garuga Mane: 4
SLLSSSE,Daito Crow,105000z,1296,Poi 120,8.3.11.10.6.2 8.3.11.10.6.5.2,20%,---,9,LS
Improve,SilverGarugaPelt: 3 |ThickGarugaScale: 4 |Garuga Carapace: 8 |Eltalite Ore: 10
SLE,Red Wing,2150z,528,Fir 150,8.3.11.3 8.3.11.8,0%,O--,3,GS
Improve,FireWyvernFluid: 3 |Lg Monster Bone: 4 |Flame Sac: 2
Create,Rathalos Scale: 2 |FireWyvernClaw: 2 |FireWyvernFluid: 4 |Flame Sac: 4
SLSR,*Rathalos Firesword,8000z,768,Fir 420,7.2.10.7 7.2.10.7.2,0%,O--,5,GS
Improve,Rathalos Wing: 2 |FireWyvrn Marrow: 3 |FireWyvernClaw: 5
SLSE,Blue Wing,6350z,720,Fir 380,8.3.11.8 8.3.11.10.3,10%,O--,4,GS
Improve,Azure Rthlos Shl: 3 |Rathalos Webbing: 3 |Flame Sac: 3
SLSSE,*Shiny Rathalos Sword,70000z,864,Fir 520,13.1.6.13.2 13.1.6.13.4.3,0%,OO-,7,GS
Improve,Azure Rthlos Cpc: 6 |Azur Rthlos Wing: 3 |Rathalos Ruby: 1
SR,Red Stripe,2150z,624,Def+4,3.7.5 3.7.10,0%,---,3,GS
Improve,Sm Monster Bone: 4 |Anteka Antlers: 3 |Sm Hermitaur Shell: 3
Create,Sm Hermitaur Shell: 5 |Brute Bone: 2 |Sharp Claw: 3 |Black Pearl: 1
SLR,Red Pincer,3100z,720,Def+10,3.7.15 3.7.18.2,0%,OO-,3,GS
Improve,Hermitaur Claw: 2 |Hermitaur Shell: 5 |Giant Bone: 2
SLLE,Great Pincer,5600z,768,Def+20,3.7.18.2 3.7.18.4.3,0%,OO-,4,GS
Improve,Hermitaur Claw: 4 |WyvernSkull Shl: 4 |Monster Bone+: 2
SLLSR,Crab Cutter,(same above),65
SLLSE,Killer's Scythe,50000z,1008,,5.3.9.14.4 5.3.9.14.6.3,0%,O--,6,GS
Improve,Ceanataur Pincer: 3 |Ceanataur Claw+: 2 |Ceanataur Carpce: 5
SLLSSR,Shogun Cutter,(same above),69
SLLSSR,Carmine Blade,85000z,1200,,12.11.5.4.8.3.2,0%,O--,9,GS
Improve,TerraCeanatrClaw: 2 |TerraCeanatrShl: 5 |HvyCeanataurLeg: 3
Create,TerraCeanatrClaw: 5 |HrdCeanataurClaw: 3 |HvyCeanataurLeg: 3 |Ancient Fish: 10
SLLSSLE,*Killer's Carver,115000z,1248,,5.3.9.14.6.5.3,0%,O--,10,GS
Improve,TerraCeanatrClaw: 3 |HrdCeanataurClaw: 3 |HvyBlkGraviosShl: 4
SLLSSE,Violet Pincer,85000z,1104,Def+40,16.3.2.9.5 16.3.2.9.7.3,0%,O--,9,GS
Improve,PlumD.HermitrShl: 4 |PlumD.HermitrClw: 2 |Hvy Monster Bone: 2
Create,PlumD.HermitrShl: 6 |PlumD.HermitrClw: 4 |HrdHermitaurClaw: 4 |Giant Blk Pearl: 3
SLLSSSE,*Grand Pincer,115000z,1296,Def+40,9.4.11.7.6.3 9.4.11.7.6.4.4,0%,O--,9,GS
Improve,PlumD.HermitrClw: 3 |HvyHermitaurShl: 4 |TerraCeanatrShl: 4 |HvyCeanataurLeg: 2
SLE,Ceanataur Blade,3650z,720,,5.3.9.8 5.3.9.13,0%,---,4,GS
Improve,Ceanataur Leg: 2 |Ceanataur Shell: 5 |Knife Mackerel: 10
SLSE,Blue Claw Blade ,4900z,816,,5.3.9.13 5.3.9.14.4,0%,---,4,GS
Improve,Ceanataur Pincer: 1 |Ceanataur Claw: 3 |Monster Bone+: 2
SLSSE,Killer's Scythe,(same above),152
SL,Bone,500z,336,,13.1.1 13.1.6,0%,---,1,LS
Create,Bone: 2
SLE,Large Bone,850z,432,,13.1.6 13.1.6.5,0%,---,1,LS
Improve,Mystery Bone: 2 |Brute Bone: 2
SEUC,Bone Katana "Wolf",1750z,528,,8.3.4 8.3.9,0%,---,1,LS
Improve,Med Monster Bone: 2 |Velociprey Fang: 5 |Velociprey Hide: 5
Create,Velocidrome Hide: 2 |Sm Monster Bone: 4 |Machalite Ore: 3 |Giadrome Claw: 2
SSSLE,Bone Katana "Shark",2150z,576,,8.3.9 8.3.11.3,0%,---,2,LS
Improve,Machalite Ore: 2 |Piscine Fang: 4 |Giaprey Scale: 8
SSSLSR,Bone Katana "Dragon",3100z,672,,8.3.11.3 8.3.11.8,0%,---,2,LS
Improve,Light Crystal: 2 |WyvernFang: 5 |Velocidrome Hide: 6
SSSLSLR,Supremacy Blade,40000z,960,,8.3.11.8 8.3.11.10.3,0%,O--,5,LS
Improve,Daora Tail: 4 |Teostra Tail: 4 |Striped Skin: 10
SSSLSLLE,Divine Slasher,100000z,1104,,8.3.11.10.3 8.3.11.10.6.2,5%,O--,8,LS
Improve,Fatalis CrmsnWng: 2 |Daora Sharp Claw: 5 |Teostra Horn+: 5
SSSLSLLSE,*Hellish Slasher,150000z,1440,,8.3.11.10.6.2 8.3.11.10.6.5.2,0%,O--,10,LS
Improve,Str Fatalis Wng: 2 |StrFatlisCrmWing: 2 |StrWhtFatalisWng: 2 |BigEDragonJewel: 3
SSSLSLE,Fire Dragonsword,6350z,720,Drg 350,16.3.2.4 16.3.2.9,0%,O--,5,LS
Improve,Lao-Shan's Horn: 1 |Firestone: 5 |ElderDragonBlood: 2
Create,Lao-Shan's Horn: 1 |Lao-Shan's Claw: 2 |Firestone: 10 |Commendation: 5
SSSLSLSE,Red Dragonsword,40000z,768,Drg 450,16.3.2.9 16.3.2.9.5,0%,O--,5,LS
Improve,Lao-Shan's Horn: 3 |Teostra Horn: 3 |Firestone: 8
SSSLSLSSE,Smolder Dragonsword,95000z,816,Drg 520,16.3.2.9.5 16.3.2.9.7.3,0%,O--,8,LS
Improve,Azure LaoS Horn: 3 |Lunastra Horn: 3 |Firecell Stone: 5
SSSLSLSSSE,*Knockout Dragonsword,140000z,1056,Drg 540,16.3.2.9.7.3 16.3.2.9.7.6.2,0%,O--,10,LS
Improve,Azure LaoS Horn: 3 |Lao-Shan'sThkScl: 4 |Lao-ShanHvnlyScl: 1 |Commendation S: 1
SSSLSR,WyvernBlade "Fall",2600z,528,Fir 220,13.1.6.5 13.1.6.10,0%,---,3,LS
Improve,FireWyvernFluid: 3 |Killer Beetle: 5 |Flame Sac: 2
Create,Rathalos Scale: 3 |Rathalos Shell: 2 |FireWyvernFluid: 5 |Firestone: 3
SSSLSLE,WyvernBlade "Blood",7150z,768,Fir 250,13.1.6.10 13.1.6.13.2,0%,---,5,LS
Improve,FireWyvernClaw: 1 |Rathalos Webbing: 3 |Tigrex Claw: 4
SSSLSLSE,WyvernBlade "Maple",75000z,960,Fir 340,5.3.9.14.4 5.3.9.14.6.3,0%,---,7,LS
Improve,Fire Drgn Scl+: 5 |Rathalos Carpace: 5 |Rathalos Ruby: 1
SSSLSLSSE,WyvernBlade"Silver",105000z,1152,Fir 400,13.1.6.13.4.3 13.1.6.13.4.6.2,0%,OO-,9,LS
Improve,HrdFireWyvernClw: 1 |HvyRathalosShl: 2 |Slvr Rthlos Scl+: 5 |FireWyvrn BrnStm: 1
Create,StrRathalosWing: 3 |HrdFireWyvernClw: 5 |Slvr Rthlos Cpc: 8 |Rathalos Ruby: 1
SSSLSLSSSE,*WyvrnBlade"Camellia",125000z,1248,Fir 450,5.3.9.14.6.3 5.3.9.14.6.5.3,0%,OO-,10,LS
Improve,HvySlvrRthlsShl: 3 |ThckSlvrRthlsScl: 3 |Blazing Fire Sac: 3 |HvnlyRathalosScl: 1
SSSLSE,WyvernBlade "Leaf",2600z,528,Poi 250,13.1.6.5 13.1.6.10,0%,O--,3,LS
Improve,FireWyvernFluid: 3 |Machalite Ore: 10 |Poison Sac: 5
Create,Rathian Scale: 3 |Rathian Shell: 2 |FireWyvernFluid: 5 |Ioprey Fang: 20
SSSLSSE,WyvernBlade "Verde",7150z,768,Poi 300,13.1.6.10 13.1.6.13.2,0%,O--,5,LS
Improve,Rathian Shell: 6 |Rathian Spike: 1 |Rathian Plate: 1
SSSLSSSE,WyvernBlade "Holly",70000z,864,Poi 400,13.1.5.13.3 13.1.5.13.4.3,0%,O--,7,LS
Improve,Rathian Carapace: 6 |Rathian Spike+: 1 |Rathian Ruby: 1
SSSLSSSSE,WyvernBlade "Silver",(same above),176
SSSE,Black Katana Mk.I,2600z,576,Def+2,5.3.9.13 5.3.9.14.4,0%,O--,3,LS
Improve,Hornetaur Head: 2 |Hornetaur Wing: 10 |Demondrug: 3
SSSSE,Black Katana Mk.II,3650z,624,Def+6,5.3.9.14.4 5.3.9.14.6.3,10%,O--,4,LS
Improve,Hornetaur Shell: 15 |Vespoid Shell: 10 |Hercudrome: 3
SSSSSE,Black Katana Mk.III,55000z,720,Def+10,5.3.9.14.6.3 5.3.9.14.6.5.3,15%,OO-,6,LS
Improve,Hornetaur Head: 6 |King Scarab: 5 |HornetaurInnrWng: 10
SSSSSSE,Lost Black Katana,80000z,1008,Def+10,5.3.9.14.6.5.3 5.3.9.14.6.5.3,20%,OO-,9,LS
Improve,Hornet Razorwing: 5 |HornetaurInnrWng: 8 |Emperor Cricket: 8
Create,Hornet Razorwing: 10 |Vspoid Razorwing: 10 |Monster Broth: 10 |Emperor Cricket: 8
SSSSSSSE,*Final Black Katana,105000z,1152,Def+10,9.4.11.7.6.4.4 9.4.11.7.6.4.4,25%,OOO,9,LS
Improve,Hornet Razorwing: 10 |VespoidQn'sCrown: 5 |Monster Essence: 5 |PhantomButterfly: 10
,Dragonslayer,5600z,624,Drg 460,5.3.9.8 5.3.9.13,0%,---,5,GS
Create,Lao-Shan's Scale: 8 |DaoraDragonScale: 8 |Fire Dragon Scl: 8 |Tigrex Scale: 8
E,Eternal Annihilator,40000z,672,Drg 520,13.1.6.10 13.1.6.13.2,0%,O--,5,GS
Improve,Fire Dragon Claw: 10 |Rathalos Plate: 5 |Rathian Plate: 5
SE,Eternal Eradicator,65000z,720,Drg 840,13.1.6.13.2 13.1.6.13.4.3,0%,O--,8,GS
Improve,Fatalis Scale: 10 |Fatalis CrmsnScl: 10 |Fatalis DevilEye: 1
SSE,*Eternal Destroyer,105000z,1008,Drg 860,13.1.6.13.4.3 13.1.6.13.4.6.2,0%,O--,10,GS
Improve,ThckFatalisScale: 5 |ThckFatlisCrmScl: 5 |ThckWhtFatlisScl: 5 |Fatalis Evil Eye: 1
,Black Blade,15000z,720,Drg 140,16.3.2.4 16.3.2.9,0%,---,5,GS
Create,Dark Stone: 1 |Dark Piece: 4 |Pokke Ticket: 1
R,Fatalis Blade,100000z,1008,Drg 250,16.3.2.9 16.3.2.9.5,0%,---,8,GS
Improve,Fatalis Shell: 8 |Fatalis Horn: 2 |Daora Jewel: 1
LE,*Black Fatalis Blade,150000z,1344,Drg 270,16.3.2.9.5 16.3.2.9.7.3,0%,O--,10,GS
Improve,Hvy Fatalis Shl: 5 |HardFatalisHorn: 2 |BigEDragonJewel: 1
E,Fatalis Ancestor,100000z,960,Drg 360,9.4.11.7.4 9.4.11.7.6.3,0%,---,8,GS
Improve,Wht Fatalis Scl: 6 |Wht Fatalis Horn: 3 |Fire Drgn Jwl: 3
SE,*Fatalis Legacy,150000z,1200,Drg 400,18.2.7.7.4.2 18.2.7.7.4.4.3,0%,---,10,GS
Improve,ThckWhtFatlisScl: 6 |HrdWhtFatlisHorn: 3 |Fatalis Evil Eye: 2 |BigEDragonJewel: 3
,Tiger Agito,35000z,816,,18.2.7.7.1 18.2.7.7.4.2,-30%,---,5,GS
Create,Tigrex Fang: 5 |Tigrex Scale: 4 |Tigrex Skull Shl: 1 |Pokke Ticket: 1
R,Tigrex Great Sword,80000z,1056,,18.2.7.7.4.2 18.2.7.7.4.4.3,-30%,---,7,GS
Improve,Tigrex Fang+: 5 |Tigrex Scale+: 8 |Tigrex Skull Shl: 2
LE,Tigrex Supreme Sword,125000z,1392,,18.2.7.7.4.4.3,-30%,---,10,GS
Improve,Hvy Tigrex Fang: 5 |ThickTigrexScale: 8 |HvnlyTigrexScale: 1
E,Hidden Blaze,80000z,912,,8.3.11.10.6.2 8.3.11.10.6.5.2,50%,O--,7,GS
Improve,NargaCuttingWing: 5 |Black Narga Pelt: 5 |Narga Scale+: 8
Create,NargaCuttingWing: 7 |Black Narga Pelt: 10 |Narga Brain Stem: 1 |Hrd Monster Bone: 5
SE,*Darkness Darkblade,120000z,1152,,8.3.11.10.6.5.2,50%,OO-,10,GS
Improve,StrNargaCttngWng: 5 |BlackNargaPelt+: 8 |Narga Brain Stem: 2 |Eltalite Ore: 10
Create,StrNargaCttngWng: 7 |ThickNargaScale: 10 |HvnlyNargaScale: 1 |Mellanje Ore: 10
,Black Belt Blade,6000z,720,,5.3.9.8 5.3.9.13,0%,OO-,4,GS
Create,Blackbelt Ticket: 8 |Blangonga coin: 10 |Shogun coin: 8 |Daimyo coin: 10
E,Expert Blade,20000z,1008,,8.3.11.8 8.3.11.10.3,0%,OOO,8,GS
Improve,Expert Ticket: 15 |Rajang coin: 3 |Gld Rathian Scl+: 3
SE,*Warrior's Blade,75000z,1344,,8.3.11.10.6.2 8.3.11.10.6.5.2,0%,OOO,10,GS
Improve,ThckGldRathnScl: 3 |Expert Coin G: 6 |BlackBeltCoinG: 8 |Commendation G: 1
,Frozen Tuna,7500z,336,Ice 330,3.7.10 3.7.15,0%,---,3,GS
Create,Speartuna: 1 |Cool Drink: 3
E,*Crystallized Tuna,45000z,480,Ice 700,16.3.2.9.5 16.3.2.9.7.3,0%,---,6,GS
Improve,Ancient Fish: 5 |Speartuna: 8 |FlynMealPassPlus: 5
,Rusted Great Sword,1000z,432,,18.2 18.2.5,0%,---,2,GS
Create,Flat Ruststone: 1
E,Tarnished Great Swd,2500z,528,,18.2.5 18.2.7.3,0%,---,3,GS
Improve,Earth Crystal: 20
SR,*Ancient Blade,40000z,864,Drg 100,16.3.2.9 16.3.2.9.5,-20%,---,5,GS
Improve,Earth Crystal: 40 |ElderDragonBlood: 1
SE,Steel Ice Blade,35000z,672,Ice 200,16.3.2.4 16.3.2.9,0%,---,5,GS
Improve,Daora Webbing: 3 |Eldr Dragon Bone: 5 |DaoraDragonScale: 10
SSE,Steel Ice Blade+,50000z,720,Ice 240,16.3.2.9 16.3.2.9.5,0%,---,5,GS
Improve,Daora Webbing: 5 |Daora Shell: 3 |ElderDragonBlood: 2
SSSR,Icesteel Blade,90000z,1008,Ice 150,16.3.2.9.5 16.3.2.9.6.3,0%,O--,8,LS
Improve,Daora Sharp Claw: 3 |Daora Tail: 3 |Daora Jewel: 1
Create,Daora Sharp Claw: 5 |Daora Carapace: 10 |Daora Jewel: 1 |Commendation G: 2
SSSLE,*Daora's Raid,130000z,1296,Ice 320,16.3.2.9.7.3 16.3.2.9.7.6.2,0%,O--,10,LS
Improve,Lthr Daora Tail: 2 |ThckDaoraDrgnScl: 8 |Hard Daora Horn: 2 |BigEDragonJewel: 1
SSSE,Daora's Decimator,90000z,912,Ice 350,16.3.2.9.5 16.3.2.9.7.3,0%,---,8,GS
Improve,DaoraDragonScal+: 10 |Daora Carapace: 4 |Daora Jewel: 1
SSSSE,*Daora's Tughril Beg,130000z,1296,Ice 450,16.3.2.9.7.3 16.3.2.9.7.6.2,0%,---,10,GS
Improve,Str Daora Wing: 2 |ThckDaoraDrgnScl: 10 |Hvy Daora Shell: 3 |BigEDragonJewel: 1
,Worn Great Sword,1000z,624,,18.2 18.2.5,0%,---,6,GS
Create,AncientFlatstone: 1
E,Weathered Grt Sword,12500z,720,,12.11.2 12.11.5.2,0%,---,6,GS
Improve,Earth Crystal: 20
SR,Epitaph Blade,60000z,960,Drg 100,3.7.18.4.3 3.7.18.4.4.4,-20%,---,7,GS
Improve,Earth Crystal: 40 |ElderDragonBlood: 5
SLE,*Epitaph Eternal,100000z,1152,Drg 100,18.2.7.7.4.2 18.2.7.7.4.4.3,-20%,---,9,GS
Improve,Purecrystal: 8 |ElderDragonBlood: 10 |Commendation G: 1
SE,Teostra Blade,80000z,768,Fir 480,5.3.9.13 5.3.9.14.4,0%,---,7,GS
Improve,Teostra Horn+: 1 |Teostra Shell: 6 |Fire Dragon Pwdr: 2
SSE,King Teostra Blade,90000z,816,Fir 620,5.3.9.14.4 5.3.9.14.6.3,0%,---,8,GS
Improve,Teostra Horn+: 3 |Teostra Carapace: 5 |Fire Drgn Jwl: 1
SSSE,*Teostra del Sol,130000z,1248,Fir 650,5.3.9.14.6.3 5.3.9.14.6.5.3,0%,---,10,GS
Improve,HardTeostraHorn: 3 |HvyTeostraShell: 5 |BigEDragonJewel: 1
,Akantor Broadsword,100000z,1248,,8.3.9 8.3.11.3,50%,---,8,GS
Create,Akantor Shell: 5 |Akantor Tail: 3 |Akantor Claw: 4 |Firecell Stone: 8
E,*Akantor Broadsword+,145000z,1584,,8.3.11.3 8.3.11.8,50%,---,10,GS
Improve,Ukanlos Stone: 1 |Lg WyvernStone: 3 |Akantor Shell: 3 |Akantor Tail: 5
,*Ukanlos Destructor,150000z,1680,Ice 120 Def+10,18.2.7.7.1 18.2.7.7.4.2,-30%,---,10,GS
Create,UkanlosShovelJaw: 1 |UkanlosUnderscl: 5 |HvyUkanlosShell: 3 |Ukanlos Stone: 1
,*dummy (Tigrex Slasher),250z,1152,Def+50,18.2.7.7.4.2 18.2.7.7.4.4.3,0%,O--,9,GS
Create,dummy: 4 |Eltalite Ore: 10 |Tigrex Skull Shl: 2 |HvnlyTigrexScale: 1
,*G Blade,100000z,1344,,9.4.11.7.4 9.4.11.7.6.3,0%,---,9,GS
Create,Great Stone: 5 |Machalite Ore: 35 |Hvy Monster Bone: 5 |Lg WyvernStone: 1
,Great Hornfly Saber,40000z,864,Def+20,16.3.2.9.5 16.3.2.9.7.3,0%,OOO,6,LS
Create,King Scarab: 2 |Great Hornfly: 2 |Vespoid InnrWng: 5 |Monster Broth: 5
E,*ExceptnlHornflySaber,80000z,1248,Def+20,16.3.2.9.7.3 16.3.2.9.7.6.2,0%,OOO,9,LS
Improve,Emperor Cricket: 3 |Great Hornfly: 5 |VespoidQn'sCrown: 2 |PhantomButterfly: 10
,Tigrex Tooth,35000z,816,,18.2.7.7.1 18.2.7.7.4.2,-25%,---,5,LS
Create,Tigrex Claw: 5|Tigrex Tail: 2|Tigrex Shell: 4|Pokke Ticket:1
R,Tigrex Katana,80000z,1056,,18.2.7.7.4.2 18.2.7.7.4.4.3,-25%,---,7,LS
Improve,Tigrex Claw+: 5|Tigrex Carapace: 6|Tigrex Tail:4
LE,*Tigrex Great Katana,125000z,1392,,18.2.7.7.4.4.3 ,-25%,---,10,LS
Improve,Hard Tigrex Claw: 5|Hvy Tigrex Shell: 6|HvnlyTigrexScale:1
E,Hidden Saber,80000z,912,,8.3.11.10.6.2 8.3.11.10.6.5.2,50%,O--,7,LS
Improve,NargaCuttingWing: 3|Black Narga Pelt: 8|Narga Tail Spike: 5
Create,Naruge Wing: 5|Black Narga Pelt: 5|Narga Brain Stem: 1|Carbalite Ore:5
SE,*Shadow of the Moon,120000z,1152,,8.3.11.10.6.5.2 ,50%,OO-,10,LS
Improve,StrNargaCttngWng: 3|BlackNargaPelt+: 8|HvyNargaTailSpik:5|Narga Brain Stem:2
Create,StrNargaCttngWng: 5|BlackNargaPelt+: 10|HvnlyNargaScale: 1|Eltalite Ore: 15
,Dragonwood L.Sword,20000z,576,Par 190,3.7.18.2 3.7.18.4.3,0%,---,5,LS
Create,Dragonwood: 3 |Dragonmoss: 1 |Chaos Mushroom: 10 |Thunderbug: 15
E,Fanatic Dragonwd LS,75000z,768,Par 240,3.7.18.4.3 3.7.18.4.4.4,0%,OO-,8,LS
Improve,Dragonwood+: 3 |Dragonmoss+: 3 |Pokke Ticket+: 1
SE,AncientDragonwoodLS,120000z,960,Par 250,18.2.7.7.4.2 18.2.7.7.4.4.3,0%,OO-,9,LS
Improve,AncientDrgnwood: 3 |YamaTsukamiFluid: 2 |Thunderbug Juice: 15
Create,AncientDrgnwood: 5 |AncientDrgnmoss: 3 |YamaTsukaFillet: 3 |Thunderbug Jelly: 10
SSE,*AncientSlayrDrgnwdLS,145000z,1104,Par 270,9.4.11.7.6.3 9.4.11.7.6.4.4,0%,OO-,10,LS
Improve,AncientDrgnmoss: 3 |YamaTsukaFillet: 3 |Dragonwood+: 10 |Commendation S: 1
,Black Scythe,15000z,720,Drg 100,16.3.2.4 16.3.2.9,0%,---,5,LS
Create,Dark Stone: 1 |Dark Piece: 4 |Pokke Ticket: 1
E,Fatalis Sickle,100000z,1008,Drg 200,3.7.18.4.3 3.7.18.4.4.4,0%,---,8,LS
Improve,Fatalis Shell: 5 |Fatalis Webbing: 3 |Fire Drgn Jwl: 1
SE,*LgndaryFatalisSickle,150000z,1248,Drg 300,3.7.18.4.4.4 3.7.18.4.4.4.5,0%,---,10,LS
Improve,Hvy Fatalis Shl: 5 |Str Fatalis Wng: 3 |BigEDragonJewel: 1
,Centenarian Dagger,25000z,864,Fir 70,9.4.11.6 9.4.11.7.4,15%,O--,5,LS
Create,Elder Thank You: 1 |Gaoren Pincer: 1 |Lao-Shan's Shell: 1
E,*Susano Blade,50000z,1008,Fir 170,9.4.11.7.4 9.4.11.7.6.3,15%,O--,8,LS
Improve,Elder Thnk You+: 1 |Elder Thank You: 1 |Fire Dragon Claw: 10
,Akantor Katana,100000z,1200,,9.4.11.1 9.4.11.6,40%,---,8,LS
Create,Akantor Spike: 3 |Akantor Shell: 6 |Akantor Tail: 1 |Union Ore: 10
E,Akantor Broadswrd S,145000z,1584,,9.4.11.6 9.4.11.7.4,40%,---,10,LS
Improve,Ukanlos Stone: 1 |Lg WyvernStone: 3 |Akantor Spike: 5 |Akantor Shell: 4
,dummy (LS Fan "Gavas"),350z,624,Ice 420,16.3.2.9 16.3.2.9.5,0%,---,6,LS
Create,dummy: 3 |dummy: 5 |Daora Webbing: 2 |Remobra Skin: 3
E,*dummy (10000 Gavas Great Fan),350z,912,Ice 500,16.3.2.9.7.6.2 16.3.2.9.7.6.2,0%,O--,9,LS
Improve,dummy: 3 |Str Daora Wing: 2 |SpecRemobraSkin+: 3 |ThckPnkRathnScl: 3
,*dummy (Jolly Roger Saber),230z,1296,,3.7.18.4.4.4 3.7.18.4.4.4.5,0%,O--,9,LS
Create,dummy: 4 |ThckFireDrgnScl: 5 |Master's Skull: 3 |BigEDragonJewel: 1
,*dummy (Red Lobster Blade),25000z,1104,Wat 500,8.3.11.10.6.2 8.3.11.10.6.5.2,0%,---,9,LS
Create,dummy: 2 |Gt Lobstershell: 1 |Eltalite Ore: 8
,*Ukanlos Slicer,150000z,1680,Ice 120 Def+10,18.2.7.7.1 18.2.7.7.4.2,-30%,---,10,LS
Create,StrongUkanlosFin: 4 |Hvy Ukanlos Tail: 3 |UkanlosShovelJaw: 2 |Ukanlos Stone: 1
,*Buster Blade G,100000z,1344,,9.4.11.7.6.3 9.4.11.7.6.4.4,0%,---,9,GS
Create,Commendation G: 1 |Iron Ore: 40 |Dragonite Ore: 20 |Eltalite Ore: 10
,*Bone Blade G,100000z,1344,,9.4.11.7.6.3 9.4.11.7.6.4.4,0%,---,9,GS
Create,Commendation G: 1 |Sm Monster Bone: 30 |Hvy Monster Bone: 10 |Carpenterbug: 30
,*TarnishdGreatSwd G,100000z,1536,,18.2.5 18.2.7.3,0%,---,9,GS
Create,Commendation G: 1 |Flat Ruststone: 5
,*Ravager Blade G,100000z,1344,Def+2,9.4.11.7.6.3 9.4.11.7.6.4.4,0%,---,9,GS
Create,Commendation G: 1 |Earth Crystal: 40 |Machalite Ore: 30 |Mellanje Ore: 5
,*Golem Blade G,100000z,1296,Def+4,5.3.9.14.6.3 5.3.9.14.6.5.3,0%,OO-,9,GS
Create,Commendation G: 1 |Piscine Fang: 15 |Piercing Claw: 5 |Monster Essence: 10
,*Sentinel G,100000z,1296,Def+20,3.7.18.4.4.4 3.7.18.4.4.4.5,0%,O--,9,GS
Create,Commendation G: 1 |Disk stone: 30 |Carbalite Ore: 10 |Hvy Gaoren Spine: 5
,*Red Stripe G,100000z,1392,Def+4,3.7.18.4.3 3.7.18.4.4.4,0%,---,9,GS
Create,Commendation G: 1 |Sm Hermitaur Shl: 20 |Piercing Claw: *8 |Giant Blk Pearl: 2
,*GoldnSerpentblade G,100000z,1152,Ice 400,5.3.9.14.6.3 5.3.9.14.6.5.3,0%,OO-,9,GS
Create,Commendation G: 1 |Giadrome Claw+: 8 |Giaprey Hide+: 10 |RobustWyvernBone: 10
,*Great Serpentblade G,100000z,1248,,5.3.9.14.6.3 5.3.9.14.6.5.3,0%,OOO,9,GS
Create,Commendation G: 1 |Velocidrome Clw+: 8 |Velocidrome Claw: 12 |RobustWyvernBone: 10
,*Cat's Soul G,100000z,1104,Par 450,8.3.11.8 8.3.11.10.3,0%,O--,9,GS
Create,Commendation G: 1 |FlynMealPassPlus: 10 |Pawprint Stamp: 10 |Eltalite Ore: 10
,*PoisnSerpentblade G,100000z,1248,Poi 380,13.1.6.13.4.3 13.1.6.13.4.6.2,0%,OO-,9,GS
Create,Commendation G: 1 |Remobra Skin+: 10 |SpecRemobraSkin+: 5 |Remobra Skull: 5
,*Decapitator G,100000z,1248,,5.3.9.14.6.3 5.3.9.14.6.5.3,30%,---,9,GS
Create,Commendation G: 1 |Str Kut-Ku Wing: 5 |Kut-Ku Carapace: 8 |Thick Kut-Ku Scl: 8
,*Great Pincer G,100000z,1248,Def+20,3.7.18.4.4.4 3.7.18.4.4.4.5,0%,OO-,9,GS
Create,Commendation G: 1 |HrdHermitaurClaw: 2 |HvyHermitaurShl: 3 |Black Pearl: 10
,*Executioner G,100000z,1392,,18.2.7.7.1 18.2.7.7.4.2,0%,O--,9,GS
Create,Commendation G: 1 |Lg Monster Bone: 15 |HvyDiablosSpine: 5 |Hercudrome: 20
,*Barbaroi Blade G,100000z,1248,Fir 500 Def+16,9.4.11.7.4 9.4.11.7.6.3,0%,O--,9,GS
Create,Commendation G: 1 |Master's Skull: 5 |Eltalite Ore: 10 |Blazing Fire Sac: 5
,*Chrome Razor G,100000z,1152,Poi 500,16.3.2.9.7.3 16.3.2.9.7.6.2,0%,---,9,GS
Create,Commendation S: 1 |Rathian Plate: 2 |Rathalos Plate: 2 |HardTeostraHorn: 1
,*Plesioth Waterswd G,100000z,1200,Wat 390,13.1.6.13.4.3 13.1.6.13.4.6.2,0%,---,9,GS
Create,Commendation S: 1 |SpecPlesiothFin+: 5 |ThckPlesiothScl: 7 |Mega Demondrug: 5
,*Plesioth Crystaswd G,100000z,1104,Wat 620,13.1.6.13.4.3 13.1.6.13.4.6.2,0%,---,9,GS
Create,Commendation S: 1 |SpecGrnPlesioFn+: 5 |ThckGrnPlesioScl: 7 |Mega Demondrug: 5
,*Killer's Scythe G,100000z,1200,,5.3.9.14.6.5.3 5.3.9.14.6.5.3,0%,O--,9,GS
Create,Commendation G: 1 |HrdCeanataurClaw: 2 |HvyCeanataurShl: 6 |Sm Ceanataur Shl: 20
,*Black Belt Blade G,100000z,1296,,5.3.9.14.6.3.0 5.3.9.14.6.5.3,0%,OO-,9,GS
Create,Commendation G: 1 |Blackbelt Ticket: 10 |Rajang Coin: 5 |Legend Coin G: 1
,*Ancient P G,100000z,1344,Drg 100,16.3.2.9.7.3 16.3.2.9.7.6.2,-20%,---,9,GS
Create,Commendation S: 1 |AncientFlatstone: 3 |ElderDragonBlood: 10 |Lg WyvernStone: 1
,*Carbalite Sword G,100000z,1344,,8.3.11.10.6.2 8.3.11.10.6.5.2,0%,---,9,GS
Create,Commendation G: 1 |Carbalite Ore: 30 |Mellanje Ore: 10 |Iron Ore: 50
,*WyvernAgito G,100000z,1344,,9.4.11.7.6.3 9.4.11.7.6.4.4,0%,---,9,GS
Create,Commendation G: 1 |HvyPiscineFang: 8 |Cephalos Scale+: 10 |Hvy Monster Bone: 8
,*Crystallized Tuna G,100000z,816,Ice 700,18.2.7.7.4.4.3 18.2.7.7.4.4.3,0%,---,9,GS
Create,Commendation G: 1 |Speartuna: 10 |Ancient Fish: 10 |FlynMealPassPlus:20
,*Judgment G,100000z,1440,,12.11.5.4.3 12.11.5.4.8,0%,---,9,GS
Create,Commendation G: 1 |BigEDragonBone: 5 |King Scarab: 10 |Dragonite Ore: 20
,*True Dragon's Jaw G,100000z,1296,,9.4.11.7.6.3 9.4.11.7.6.4.4,0%,OO-,9,GS
Create,Commendation S: 1 |HvyPnkRathianShl: 5 |HrdCongalalaClw+: 5 |Coral Cphlos Fin: 5
,*Tactical Blade G,100000z,1296,Def+8,5.3.9.14.6.3 5.3.9.14.6.5.3,0%,OO-,9,GS
Create,Commendation S: 1 |HvyRathalosShl: 10 |HrdFireWyvernClw: 10 |FireWyvernClaw: 25
,*Rathalos Firesword G,100000z,1200,Fir 420,8.3.11.10.6.2 8.3.11.10.6.5.2,0%,O--,10,GS
Create,Commendation S: 1 |StrRathalosWing: 2 |HrdFireWyvernClw: 5 |FireWyvrn BrnStm: 3
,*ShinyRathalosSwd G,100000z,1152,Fir 520,9.4.11.7.6.3 9.4.11.7.6.4.4,0%,OO-,10,GS
Create,Commendation S: 1 |HvyAzurRthlsShl: 3 |Azur Rthlos Wing: 8 |Rathalos Ruby: 3
,*Enforcer's Axe G,100000z,1440,,8.3.11.10.3 8.3.11.10.6.2,-5%,O--,10,GS
Create,Commendation G: 1 |HvyRathianShell: 5 |HvyDiablosShell: 3 |WhtMonoblosThora: 5
,*Siegmund G,100000z,1296,Def+10,13.1.6.13.4.3 13.1.6.13.4.6.2,20%,O--,10,GS
Create,Commendation S: 1 |Hrd Rathalos Scl: 5 |HvnlyRathalosScl: 1 |Top-GrdRedHorn: 1
,*Sieglinde G,100000z,1296,Def+6,16.3.2.9.7.3 16.3.2.9.7.6.2,0%,OO-,10,GS
Create,Commendation S: 1 |ThckRathianScl: 5 |HvnlyRathianScl: 1 |Top-GrdPlatHorn: 1
,*Pael Keizah G,100000z,1248,Drg 230,13.1.6.13.4.3 13.1.6.13.4.6.2,0%,O--,10,GS
Create,Commendation S: 1 |ThckAzurRthlsScl: 3 |Azur Rthlos Tail: 12 |Rathalos Ruby: 3
,*Blushing Dame G,100000z,1200,Drg 220 Def+10,9.4.11.7.6.3 9.4.11.7.6.4.4,0%,OO-,10,GS
Create,Commendation S: 1 |Hrd Rathalos Scl: 3 |Rathian Spike: 8 |Rathian Ruby: 3
,*EternlAnnihilator G,100000z,1104,Drg 520,13.1.6.13.4.3 13.1.6.13.4.6.2,0%,O--,10,GS
Create,Commendation S: 1 |Lao-Shan's Ruby: 1 |Rathalos Ruby: 3 |Rathian Ruby: 3
,*Bone G,100000z,1392,,3.7.18.4.3 3.7.18.4.4.4,0%,---,9,LS
Create,Commendation G: 1 |Mystery Bone: 20 |Brute Bone: 40 |Massive Bone: 5
,*Iron Katana G,100000z,1344,,13.1.6.13.4.3 13.1.6.13.4.6.2,0%,---,9,LS
Create,Commendation G: 1 |Iron Ore: 30 |Whetstone: 20 |Eltalite Ore: 10
,*BoneKatan"Dragon" G,100000z,1344,,8.3.11.10.6.2 8.3.11.10.6.5.2,0%,---,9,LS
Create,Commendation G: 1 |Eltalite Ore: 10 |WyvernFang: 20 |Velociprey Hide+: 20
,*Eager Cleaver G,100000z,1104,Thn 520,16.3.2.9.7.3 16.3.2.9.7.6.2,0%,---,9,LS
Create,Commendation G: 1 |Dragonite Ore: 20|Electro Sac: 20 |Lightning Sac: 8
,*Black Katana G,100000z,1200,Def+10,5.3.9.14.6.5.3 5.3.9.14.6.5.3,15%,OO-,9,LS
Create,Commendation G: 1 |Hornetaur Wing: 30 |HornetaurInnrWng: 20 |Hornet Razorwing: 10
,*Blango Destroyer G,100000z,1248,Ice 200,18.2.7.7.4.2 18.2.7.7.4.4.3,0%,---,9,LS
Create,Commendation G: 1 |Blango Pelt+: 10 |Sharp Claw: 20 |Piercing Claw: 8
,*Tormenter G,100000z,1488,,18.2.7.7.1 18.2.7.7.4.2,-10%,---,9,LS
Create,Commendation G: 1 |Unknown Skull: 10 |HvyPiscineFang: 8 |LthrBlkBlosTail: 2
,*Crimson Scythe G,100000z,1200,Fir 240,8.3.11.10.6.2 8.3.11.10.6.5.2,0%,OO-,9,LS
Create,Commendation G: 1 |Top-GrdRedHorn: 3 |MonoblosCarapace: 8 |Blazing Fire Sac: 7
,*Frost Ripper G,100000z,1248,Wat 260,18.2.7.7.4.2 18.2.7.7.4.4.3,0%,---,9,LS
Create,Commendation S: 1 |Top-GrdPlatHorn: 3 |Wht Monoblos Cpc: 8 |Gt Lobstershell: 2
,*Imperial Sword G,100000z,1248,,5.3.9.14.6.3 5.3.9.14.6.5.3,20%,OOO,9,LS
Create,Commendation G: 1 |Purecrystal: 3 |Union Ore: 15 |StrBasariosWing: 3
,*Daimyo Cutter G,100000z,1296,Def+36,9.4.11.7.6.3 9.4.11.7.6.4.4,0%,OO-,9,LS
Create,Commendation G: 1 |Hermitaur Claw: 15 |Hermitaur Claw+: 6 |HrdHermitaurClaw: 2
,*Blango Destructor G,100000z,1200,Ice 350,8.3.11.10.6.2 8.3.11.10.6.5.2,20%,---,9,LS
Create,Commendation G: 1 |HrdBlangongaPlt+: 5 |LeathrBlangoTail: 3 |Ice Crystal: 20
,*WyvernBlade"Maple"G,100000z,1200,Fir 340,5.3.9.14.6.3 5.3.9.14.6.5.3,0%,---,10,LS
Create,Commendation S: 1 |HvyRathalosShl: 3 |Blazing Fire Sac: 3 |HvnlyRathalosScl: 1
,*WyvernBlade"Holly"G,100000z,1200,Poi 400,13.1.6.13.4.3 13.1.6.13.4.6.2,0%,O--,10,LS
Create,Commendation S: 1 |HvyRathianShell: 3 |DeadlyPoisonSac: 3 |HvnlyRathianScl: 1
,*FanaticDragonwdLS G,100000z,1104,Par 240,3.7.18.4.4.4 3.7.18.4.4.4.5,0%,OO-,10,LS
Create,Commendation S: 1 |Dragonmoss+: 10 |Thunderbug Jelly: 15 |Chaos Mushroom: 10
,*Saber G,100000z,1152,Fir 480,9.4.11.7.6.3 9.4.11.7.6.4.4,0%,---,10,LS
Create,Commendation S: 1 |LunastraCarapace: 12 |Lunastra Spike: 2 |BigEDragonJewel: 1
,*Susano Blade G,100000z,1248,Fir 170,9.4.11.7.6.3 9.4.11.7.6.4.4,20%,O--,10,LS
Create,Commendation S: 1 |Hard Gaoren Claw: 3 |Azure LaoS Claw: 3 |HrdFireDrgnClaw: 3
,*Red Dragonsword G,100000z,1152,Drg 450,16.3.2.9.7.3 16.3.2.9.7.6.2,0%,O--,10,LS
Create,Commendation S: 1 |Lao-Shan's Horn: 3 |Lao-Shan'sThkScl: 5 |Lao-Shan's Ruby: 3
