,Iron Lance,500z,138,,5.5.5 5.5.9.1,0%,---,1,LC
Create,Iron Ore: 3
R,Iron Lance+,650z,161,,5.5.9.1 5.5.9.6,0%,---,1,LC
Improve,Iron Ore: 4
Create,Normal ticket: 1
LR,Steel Lance,1400z,207,,5.5.9.6 5.5.9.11,0%,---,1,LC
Improve,Iron Ore: 4 |Disk Stone: 4
LLR,Paladin Lance,1750z,253,Def+4,3.7.4.6. 3.7.4.11,0%,---,2,LC
Improve,Iron Ore: 10 |Machalite Ore: 4 |Earth Crystal: 5
Create,Earth Crystal: 15 |Machalite Ore: 6 |Iron Ore: 15
LLLE,Rampart,3100z,299,Def+6,5.7.5.8 5.7.5.13,0%,O--,3,LC
Improve,Lightcrystal: 2 |Machalite Ore: 8 |Earth Crystal: 15
LLLSR,Growling Wyvern,4900z,345,Drg 100 Def+10,5.7.5.13 5.7.5.16.2,0%,O--,4,LC
Improve,Dragonite Ore: 5 |Machalite Ore: 15 |Blk Gravios Shl: 10
Create,G Class Ticket: 1 |Blk Gravios Shl: 1
LLLSLR,Roaring Wyvern,60000z,460,Drg 100 Def+16,5.7.5.16.2 5.7.5.16.5.2,0%,O--,7,LC
Improve,Carbalite Ore: 20 |Union Ore: 10 |Blk Gravios Cpc: 10
LLLSLLE,Prototype Auger Lance,80000z,529,,3.7.4.16.5 3.7.4.16.7.3,0%,---,9,LC
Improve,Etherlite Ore: 5 |Carbalite Ore: 15 |DaoraDragonScal+: 5 |Razor Claw: 6
Create,Etherlite Ore: 10 |Union Ore: 10 |Thunder Sac: 8 |Monster Broth+: 5
LLLSLLSE,*Gravedigger,105000z,644,,5.5.9.13.5.3 5.5.9.13.5.5.3,0%,O--,9,LC
Improve,Melange Ore: 10 |Etherlite Ore: 20 |Lightning Sac: 5 |BasariosStrngWng: 2
LLLSLE,Knight Lance,25000z,437,,5.7.5.3 5.7.5.8,0%,---,6,LC
Improve,Carbalite Ore: 3 |Dragonite Ore: 5 |Velociprey Scale: 20
Create,Carbalite Ore: 5 |Iron Ore: 50 |Velociprey Hide: 15 |Velocidrome Hide: 10
Shortcut,G Class Ticket: 1 |Carbalite Ore: 1
LLLSLSR,Knight Spear,35000z,460,,3.7.4.6. 3.7.4.11,0%,OO-,6,LC
Improve,Union Ore: 5 |Earth Crystal: 15 |Velociprey Hide+: 10
LLLSLSLE,Babel Spear,55000z,529,Def+20,5.5.9.11 5.5.9.13.3,0%,OO-,7,LC
Improve,Gld Rathian Scl+: 8 |Machalite Ore: 30 |Genprey Scale+: 20
LLLSLSLSR,*Lost Babel,110000z,667,Def+28,9.5.9.10.5.2 9.5.9.10.5.5.2,0%,OO-,10,LC
Improve,GldRathianThkScl: 5 |Etherlite Ore: 10 |ShiningRajangPlt: 1
LLLSLSLSR,Sadalsuud,75000z,506,Wat 220,9.5.9.10.2 9.5.9.10.5.2,0%,---,9,LC
Improve,Etherlite Ore: 10 |Pure Crystal: 1 |Hermitaur HvyCpc: 3
Create,Etherlite Ore: 15 |Pure Crystal: 3 |Rathian Scale+: 15 |Earth Crystal: 40
LLLSLSLSLE,Sadalmerik,95000z,575,Wat 250,9.5.9.10.5.2 9.5.9.10.5.5.2,0%,---,9,LC
Improve,Melange Ore: 5 |CeanataurHvyCpc: 3 |Basarios Hvy Cpc: 3
LLLSLSLSLSE,*Aquarius,115000z,621,Wat 270,5.5.9.13.5.3 5.5.9.13.5.5.3,0%,O--,10,LC
Improve,Pure Crystal: 3 |Gaoren Hvy Cpc: 3 |BlkGraviosHvyShl: 3
LLLSLSLSR,Extinction Gunlance,80000z,552,,7.4.7.9.2 7.4.7.9.4.2,0%,O--,9,GL,Spread 3
Create,Etherlite Ore: 10 |Iron Ore: 80 |Blaze Sac: 5 |Lightning Sac: 5
Improve,Etherlite Ore: 8 |Blaze Sac: 3 |Lightning Sac: 3
LLLSLSLSLE,*Genesis,115000z,621,,18.4.3.10.3.2 18.4.3.10.3.5.2,0%,OOO,10,GL,Spread 4
Improve,Melange Ore: 10 |Iron Ore: 30 |Rathalos HrdTail: 5 |Thunderbug Jelly: 10
LLLSLSLSE,Spark Plug,90000z,506,Thn 250,11.8.5.8.3 11.8.5.8.5.3,0%,OO-,9,LC
Improve,Etherlite Ore: 10 |Pur Gyp StrngWng: 5 |Thunderbug Jelly: 5
Create,Etherlite Ore: 15 |Pur Gyp StrngWng: 8 |Thunderbug Juice: 10 |Thunderbug: 20
LLLSLSLSSE,*Electrocutor,110000z,598,Thn 270,16.5.4.9.4.2 16.5.4.9.4.5.2,0%,OOO,9,LC
Improve,Etherlite Ore: 10 |KirinThndrTail G: 2 |Rajang Hard Horn: 1 |Thunderbug Jelly: 10
LLLSLSR,Aqua Spear,40000z,368,Wat 350,5.7.5.8 5.7.5.13,0%,---,6,LC
Improve,Plesioth Fin: 10 |Cephalos Scale+: 4 |Dragonite Ore: 10
Create,Cephalos Fin+: 3 |Plesioth Fin: 12 |Plesioth Scale: 15 |Carbalite Ore: 5
LLLSLSLE,Aqua Spear+,50000z,391,Wat 400,5.7.5.13 5.7.5.16.2,0%,O--,6,LC
Improve,Plesioth Fin+: 4 |Plesioth Scale+: 8 |Cephalos Fin+: 6
LLLSLSLSE,*Emerald Spear,55000z,414,Wat 450,5.7.5.16.2 5.7.5.16.5.2,0%,O--,7,LC
Improve,Grn Plsioth Fin+: 6 |Grn Plsioth Scl+: 12 |Wyvern Stone: 2
LLLSLSR,Grayburg Javelin,60000z,437,Def+8,3.7.4.16 3.7.4.16.5,0%,---,7,LC
Improve,Carbalite Ore: 8 |DaoraDragonScale: 8 |Fire Stone: 8
LLLSLSLE,Dragon Rider Spear,75000z,506,Def+12,5.7.5.16.2 5.7.5.16.5.2,0%,---,8,LC
Improve,Union Ore: 10 |Daora Claw: 3 |Daora Carapace: 5
LLLSLSLSE,*DrgnRdr Spr "Geibolg",115000z,690,Def+12,5.7.5.16.5.2 5.7.5.16.5.5.2,0%,---,10,LC
Improve,Melange Ore: 5 |Daora Sharp Claw: 5 |Daora Hvy Carpce: 5 |PhantomButterfly: 5
LLLSLSR,Cold Icicle,40000z,414,Ice 120,3.7.4.11 3.7.4.16,0%,OO-,6,LC
Improve,Carbalite Ore: 5 |Ice Crystal: 10 |Rubbery Hide: 8 |Blangonga Pelt+: 10
Create,Blangonga Fang+: 3 |Carbalite Ore: 10 |Ice Crystal: 15 |Rubbery Hide+: 5
LLLSLSLE,Frost Icicle,65000z,483,Ice 150,5.7.5.16.2 5.7.5.16.5.2,0%,OO-,6,LC
Improve,Ice Crystal: 20 |Machalite Ore: 20 |Daora Sharp Claw: 5 |Blangonga Fang+: 5
LLLSLSLSE,*Icicle Blizzard,100000z,575,Ice 180,5.7.5.16.5.2 5.7.5.16.5.5.2,0%,OO-,9,LC
Improve,Ice Crystal: 20 |Etherlite Ore: 10 |Blangnga HvyFang: 5
LLLSLSE,Feather Gunlance,50000z,368,Slp 100,7.4.8.6 7.4.8.9.2,0%,---,6,GL,Spread 2
Create,Hypnoc Claw+: 5 |Hypnoc Feather: 6 |Killer Beetle: 20 |Sleep Sac: 3
Improve,Hypnoc Beak: 1 |Hypnoc Feather: 4 |Sleep Sac: 2
LLLSLSSE,Feather Gunlance+,80000z,460,Slp 120 Def+10,6.4.8.10.2 6.4.8.10.4.2,0%,O--,9,GL,Spread 3
Create,HypncFangedBeak: 3 |Hypnoc Feather+: 8 |Piscine Fang+: 5 |HypncGizzardStn+: 1
Improve,HypncFangedBeak: 1 |Hypnoc Claw+: 3 |Hypnoc Feather+: 5 |Blaze Sac: 2
LLLSLSSSE,*Hypnotic Cannon,105000z,506,Slp 140 Def+10,9.5.9.10.5.2 9.5.9.10.5.5.2,0%,OO-,9,GL,Spread 3
Improve,Hypnoc StrngClaw: 5 |HypncGizzardStn+: 1 |Coma Sac: 3
LLLSR,Gatling Lance,4250z,322,Fir 120 Def+12,5.7.5.8 5.7.5.13,0%,O--,4,LC
Improve,Fire Stone: 2 |Dragonite Ore: 5 |Gunpowder: 10
Create,Fire Stone: 4 |Machalite Ore: 12 |Flame Sac: 2 |Hercudrome: 5
LLLSLE,Gatling Lance+,7150z,391,Fir 160 Def+16,5.7.5.13 5.7.5.16.2,0%,O--,5,LC
Improve,Fire Stone: 6 |Dragonite Ore: 6 |FireWyvrn Marrow: 2
LLLSLSE,*Sanctioned Gunlance,65000z,414,Fir 250 Def+20,5.7.5.16.2 5.7.5.16.5.2,0%,OO-,6,LC
Improve,Firecell Stone: 6 |Carbalite Ore: 25 |Inferno Sac: 10
LLLSE,Naag Serpentblade,5600z,322,Poi 380,3.4.17.6 3.4.17.7.4,5%,---,4,LC
Improve,Remobra Skin: 5 |Remobra Skull: 2 |Iron Ore: 20
Create,Remobra Skull: 2 |Remobra Skin: 8 |Poison Sac: 10 |Machalite Ore: 15
LLLSSE,Devta Serpentblade,50000z,368,Poi 450,16.5.4.9.1 16.5.4.9.4.2,15%,---,6,LC
Improve,Remobra Skin+: 5 |Remobra Skull: 4 |Toxin Sac: 10
LLLSSSE,*Ouroboros Serpentblade,90000z,506,Poi 470,16.5.4.9.4.2 16.5.4.9.4.5.2,20%,OO-,9,LC
Improve,Remobra Skin G: 3 |Venom Sac: 5 |Etherlite Ore: 10 |Nova Crystal: 5
LLE,Estoc,2150z,230,Def+8,5.7.5.8 5.7.5.13,0%,OO-,2,LC
Improve,Black Pearl: 3 |Machalite Ore: 4 |Ice Crystal: 6
LLSE,*Valhalla,5600z,345,Def+12,3.7.4.11 3.7.4.16,0%,OOO,4,LC
Improve,Lightcrystal: 5 |Dragonite Ore: 7 |Ice Crystal: 15
LE,Bone Javelin,1400z,230,,3.7.4.1 3.7.4.6,0%,---,2,LC
Improve,Sm Monster Bone: 4 |Brute Bone: 4 |Iron Ore: 4
LSE,Spiked Spear,2150z,276,,3.7.4.6 3.7.4.11,0%,---,2,LC
Improve,Med Monster Bone: 3 |Machalite Ore: 3 |Killer Beetle: 2
LSSR,Lullaby Spear,1750z,184,Slp 160,3.7.4.16 3.7.4.16.5,0%,OO-,3,LC
Improve,Plesioth Scale: 4 |Cephalos Scale: 4 |Sleep Herb: 10
Create,Plesioth Fin: 4 |Cephalos Fin: 4 |Sleepyfish: 10 |Springnight Carp: 5
LSSLE,*Requiem Spear,4900z,276,Slp 260,3.7.4.16.5 3.7.4.16.7.3,0%,OO-,4,LC
Improve,Plesioth Fin: 6 |Sleep Sac: 3 |Mega Demondrug: 5
LSSE,Paralyzer,3100z,276,Par 240,11.8.5.1 11.8.5.6,0%,---,3,LC
Improve,Machalite Ore: 10 |Thunderbug: 10 |Rubbery Hide: 5
LSSSR,*Trident,4250z,299,Par 300,16.5.4.5 16.5.4.9.1,0%,---,4,LC
Improve,Dragonite Ore: 4 |Electro Sac: 5 |Rubbery Hide: 7
LSSSR,Venom Lance,3100z,299,Poi 150,3.7.4.6 3.7.4.11,0%,---,4,LC
Improve,Basarios Shell: 7 |Machalite Ore: 12 |Poison Sac: 2
Create,Basarios Wing: 1 |Basarios Shell: 4 |Iron Ore: 20 |Toadstool: 10
LSSSLE,Basarios Venom Spear,4250z,322,Poi 200,5.5.9.6 5.5.9.11,0%,---,4,LC
Improve,Basarios Wing: 1 |Basarios Shell: 8 |Poison Sac: 5
LSSSLSR,Gravios Spear,30000z,345,Poi 250 Def+5,5.5.9.11 5.5.9.13.3,0%,---,5,LC
Improve,Gravios Skl Shl: 1 |Gravios Shell: 8 |Poison Sac: 10
LSSSLSLE,Gravios Venom Spear,70000z,437,Poi 270 Def+6,5.5.9.13.3 5.5.9.13.5.3,0%,---,7,LC
Improve,Gravios Carapace: 8 |Chameleos Tail: 5 |Toxin Sac: 10
LSSSLSLSE,Heavy Gravios Lance,(same below),53
LSSSLSE,Black Gravios Spear,30000z,368,Fir 200,9.5.9.7 9.5.9.10.2,0%,---,5,LC
Improve,Blk Gravios Skl: 1 |Blk Gravios Shl: 8 |Fire Stone: 6
LSSSLSSE,Void Gravios Spear,70000z,414,Fir 360 Def+12,9.5.9.10.2 9.5.9.10.5.2,0%,O--,7,LC
Improve,Blk Gravios Cpc: 8 |Gravios BrainStm: 1 |Firecell Stone: 6
LSSSLSSSE,Heavy Gravios Lance,95000z,552,Fir 380 Def+14,9.5.9.10.5.2 9.5.9.10.5.5.2,0%,OO-,9,LC
Improve,Gravios Hvy Cpc: 3 |BlkGraviosHvyShl: 6 |Gravios Skl Shl: 5 |Tigrex Scale+: 3
LSSSLSSSSE,*Burning Gravios Lance,115000z,598,Fir 400 Def+14,5.5.9.13.5.3 5.5.9.13.5.5.3,0%,OO-,10,LC
Improve,GraviosDvnePlate: 1 |BlkGravDvnePlate: 1 |Blaze Sac: 5
LSSSE,Thunderspear,20000z,322,Thn 300,3.7.4.16 3.7.4.16.5,0%,---,5,LC
Improve,Kirin Horn: 1 |Kirin Mane: 2 |Thunderbug: 8
Create,Kirin Horn: 3 |Kirin Hide: 8 |Rubbery Hide: 5 |Thunderbug: 16
LSSSSE,Thunderlance,60000z,391,Thn 500,3.7.4.16.5 3.7.4.16.7.3,0%,---,8,LC
Improve,Kirin Azure Horn: 3 |Kirin Hide+: 5 |Thunderbug Juice: 4
LSSSSSE,*Kirin Lightning Spear,100000z,575,Thn 520,3.7.4.16.7.3 3.7.4.16.7.5.3,0%,---,10,LC
Improve,Kirin Slvr Mane: 3 |Kirin Hide G: 5 |Thunderbug Jelly: 8
R,Iron Gunlance,1100z,207,,3.7.4.1 3.7.4.6,0%,---,1,GL,Normal 1
Create,Machalite Ore: 5 |Iron Ore: 10 |Gunpowder: 5 |Flame Sac: 1
Shortcut,Hard Ticket: 1 |Iron Ore: 1
Improve,Iron Ore: 8 |Disk Stone: 5 |Carpenterbug: 5
LE,Iron Gunlance+,1750z,253,,3.7.4.1 3.7.4.6,0%,O--,2,GL,Normal 1
Improve,Machalite Ore: 3 |Earth Crystal: 8 |Gunpowder: 5
LSE,Steel Gunlance,2150z,276,,5.7.5.3 5.7.5.8,0%,O--,2,GL,Normal 2
Improve,Machalite Ore: 7 |Disk Stone: 10 |Flame Sac: 3
LSSR,Special Ops Gunlance ,3100z,322,,5.7.5.8 5.7.5.13,0%,OO-,3,GL,Normal 3
Improve,Machalite Ore: 15 |Fire Stone: 3 |Lightcrystal: 2
LSSLE,Imperial Gunlance,5600z,391,,3.7.4.16 3.7.4.16.5,0%,OO-,4,GL,Long 3
Improve,Monster Bone+: 3 |Fire Stone: 6 |Dragonite Ore: 5
LSSLSE,Silver Rook,65000z,414,Drg 250,5.7.5.13 5.7.5.16.2,0%,OO-,7,GL,Long 3
Improve,Slvr Ratlos Tail: 1 |Slvr Rathlos Cpc: 3 |Slvr Ratlos Scl+: 5
LSSLSSE,Gun Chariot,75000z,437,Drg 320,5.7.5.16.2 5.7.5.16.5.2,0%,OO-,8,GL,Long 3
Improve,Slvr Ratlos Tail: 3 |Slvr Rathlos Wng: 1 |Rathalos Ruby: 1 |FireWyvrn Marrow: 10
LSSLSSSE,Gun Chariot+,100000z,529,Drg 350,9.5.9.10.5.2 9.5.9.10.5.5.2,0%,OO-,9,GL,Long 4
Improve,Slvr Rathlos Cpc: 5 |RathlosStrngWng: 3 |Blaze Sac: 5
LSSLSSSSE,*Devout End,125000z,575,Drg 370,5.7.5.16.5.2 5.7.5.16.5.5.2,0%,OO-,10,GL,Long 4
Improve,SlvrRthlosHvyCpc: 5 |SlvRthlosHrdTail: 3 |RathlosDvnePlate: 1 |GraviosDvnePlate: 2
LSSR,Luna's Howl,5600z,345,Fir 350,8.3.8.6 8.3.8.9.2,0%,---,5,GL,Spread 1
Create,Lunastra Tail: 2 |Lunastra Shell: 5 |Lunastra Mane: 2 |Dragonite Ore: 5
Improve,Lunastra Tail: 1 |Fire Drgn Wbng: 2 |Fire Dragon Scl: 6
LSSLE,Luna's Roar,35000z,368,Fir 400,9.5.9.10.2 9.5.9.10.5.2,0%,---,5,GL,Spread 2
Improve,Teostra Tail: 2 |Lunastra Shell: 7 |ElderDragonBlood: 1
LSSLSE,Luna's Flare,90000z,414,Fir 480,2.4.16.7.4 2.4.16.7.5.4,0%,---,8,GL,Spread 3
Improve,Lunastra Horn G: 2 |Fire Drgn Scl+: 8 |Fire Drgn Jwl: 1
LSSLSSE,*Luna 's Soleil,130000z,575,Fir 500,2.4.16.7.5.4 2.4.16.7.5.6.5,0%,---,10,GL,Spread 4
Improve,Lunastra Carpace: 5 |Teostra Tail G: 2 |Fire Drgn HvyScl: 8 |Elder Dragon Jwl: 1
LSSE,White Gunlance,4900z,368,Def+8,5.5.9.6 5.5.9.11,0%,---,4,GL,Long 1
Improve,Gravios Skl Shl: 1 |Machalite Ore: 15 |Flame Sac: 6
LSSSE,White Cannon,30000z,414,Def+8,5.5.8.11 5.5.8.12.2,0%,O--,5,GL,Long 2
Improve,Gravios Shell: 10 |Gravios Skl Shl: 1 |Fire Stone: 4
LSSSSE,Black Gunlance,60000z,483,Def+8,9.5.8.7 9.5.8.8.2,-5%,O--,6,GL,Long 2
Improve,Wyvern Stone: 2 |Blk Gravios Shl: 15 |Firecell Stone: 4
LSSSSSE,Black Gore Cannon,75000z,529,Def+8,9.5.9.10.2 9.5.9.10.5.2,-10%,O--,7,GL,Long 3
Improve,Blk Gravios Cpc: 8 |Blk Gravios Skl: 2 |Gravios BrainStm: 1
LSSSSSSE,*Black Gore Buster,115000z,690,Def+10,9.5.9.10.4.2 9.5.9.10.4.6.2,0%,O--,10,GL,Long 4
Improve,BlkGraviosHvyShl: 5 |BlkGravDvnePlate: 1 |Lg Wyvern Stone: 3
E,Snow Gunlance,1400z,207,Ice 100,7.3.3 7.3.9,0%,---,2,GL,Normal 1
Create,Giaprey Hide: 3 |Giaprey Scale: 6 |Machalite Ore: 2 |Carpenterbug: 5
Improve,Giaprey Hide: 2 |Giaprey Scale: 3 |Iron Ore: 8
SE,Snow Gunlance Mk. II,2150z,253,Ice 120,5.5.8.1 5.5.8.6,0%,---,3,GL,Normal 2
Improve,Giadrome Hide: 3 |Giadrome Skull: 1 |Earth Crystal: 8
SSR,*Blizzard Gunlance,40000z,437,Ice 150,5.5.9.12.3 5.5.9.12.4.3,0%,---,6,GL,Normal 3
Improve,Giadrome Claw+: 4 |Giaprey Hide+: 4 |Inferno Sac: 2
SSR,Marine Fisher,3100z,299,Wat 100,5.5.8.6 5.5.8.11,0%,---,3,GL,Long 1
Create,Plesioth Fin: 4 |Plesioth Scale: 6 |Iron Ore: 20 |Burst Arrowana: 10
Improve,Plesioth Scale: 5 |Cephalos Scale: 3 |Machalite Ore: 7
SSLE,Deep Fisher,5600z,368,Wat 200,5.5.8.11 5.5.8.13.3,0%,---,4,GL,Long 1
Improve,Plesioth Fin: 7 |Monster Bone+: 4 |Dragonite Ore: 7
SSLSE,Deep Ocean,40000z,391,Wat 300,5.7.5.13 5.7.5.13.2,0%,---,6,GL,Long 2
Improve,Grn Plsioth Fin+: 3 |Grn Plesioth Scl: 10 |Carbalite Ore: 7
SSLSSE,Sea King Gunlance,55000z,437,Wat 350,5.5.9.13.3 5.5.9.13.4.3,0%,---,7,GL,Long 3
Improve,Wyvern Stone: 2 |Grn Plsioth Scl+: 10 |Union Ore: 7
SSLSSSR,Poseidon Gunlance,90000z,506,Wat 370,9.5.9.10.4.2 9.5.9.10.4.6.2,0%,---,9,GL,Long 3
Improve,GrnPlsioth Fin G: 3 |GrnPlsiothThkScl: 4 |Piscine Fang+: 5
SSLSSSLE,*Oceanic Abyss,110000z,575,Wat 400,5.5.9.13.5.3 5.5.9.13.5.5.3,0%,O--,10,GL,Long 4
Improve,GrnPlsiothThkScl: 5 |Plsioth Thck Scl: 5 |Naruga Hrd Tail: 2 |Lg Wyvern Stone: 3
SSLSSSE,Volcano Gunlance,100000z,598,Fir 200,5.5.9.13.3 5.5.9.13.5.3,0%,OO-,9,GL,Long 3
Create,Volganos Thk Scl: 8 |Volganos Hvy Cpc: 6 |Volganos HvyFang: 3 |Wyvern Stone: 2
Improve,Volganos Thk Scl: 3 |Volganos Hvy Cpc: 4 |Firecell Stone: 3
SSLSSSSE,*Volganos Smelter,120000z,644,Fir 240,5.5.9.13.5.3 5.5.9.13.5.5.3,0%,OO-,10,GL,Long 4
Improve,Volganos HvyFang: 5 |Volganos Fin+: 3 |Firecell Stone: 10 |BlkGravDvnePlate: 1
SSL,Bone Claw Lance+,(same below),127
SSEB,Scissor Gunlance,40000z,437,Def+24,5.7.5.12 5.7.5.16.2,0%,OO-,6,GL,Normal 3
Create,Hermitaur Claw+: 3 |Hermitaur Carpce: 5 |Flame Sac: 10 |Black Pearl: 20
Improve,Hermitaur Claw+: 2 |Hermitaur Shell: 15 |Inferno Sac: 2
SSSSE,Scissor Cannon,50000z,460,Def+28,5.7.5.15.2 5.7.5.15.5.2,0%,OO-,7,GL,Normal 3
Improve,Hermitaur Claw+: 5 |Hermitaur Carpce: 10 |FireWyvrn BrnStm: 1
SSSSSR,Violet Cannon,85000z,529,Def+40,3.7.4.16.5 3.7.4.15.7.3,0%,OO-,9,GL,Normal 3
Create,Pur HermitaurClw: 4 |Pur HermitaurShl: 8 |Black Pearl+: 3 |FireWyvrn BrnStm: 2
Improve,Pur HermitaurClw: 2 |Pur HermitaurShl: 5 |Blaze Sac: 2
SSSSSLE,*Violet Buster,115000z,621,Def+40,5.7.5.16.5.2 5.7.5.16.5.5.2,0%,OO-,9,GL,Normal 4
Improve,Pur HermitaurClw: 5 |Pur HermitaurShl: 10 |Volganos HvyFang: 4
SSSSSE,Shelled Claw Lance,(same below),134
,Longhorn,650z,161,,9.5.1 9.5.6,0%,---,1,LC
Create,Sm Monster Bone: 2 |Brute Bone: 1
R,Longhorn+,1100z,207,,5.5.5 5.5.9.1,0%,---,1,LC
Improve,Brute Bone: 2 |Bone: 3
LR,Long Tusk,1750z,253,,5.5.9.1 5.5.9.6,0%,---,1,LC
Improve,Brute Bone: 4 |Giant Bone: 1 |Med Monster Bone: 1
Create,Hard Ticket: 1 |Bone: 1
LLR,Barbaroi Tusk,3100z,322,,9.5.9.2 9.5.9.7,0%,---,2,LC
Improve,Lg Monster Bone: 5 |Iodrome Hide: 5 |Monster Fluid: 5
Create,Iodrome Skull: 1 |Ioprey Hide: 10 |Lg Monster Bone: 7 |Demondrug: 5
LLLR,Ogre Tusk,5600z,414,,7.4.15.4 7.4.15.6.3,0%,---,3,LC
Improve,Monster Bone+: 5 |Ioprey Hide: 20 |Mega Demondrug: 2
Create,Hard Ticket: 1 |Alluring Hide: 1 |Monster Bone+: 1
LLLLR,*Great Ogre Tusk,40000z,483,,7.4.15.6.3 7.4.15.6.4.4,0%,---,6,LC
Improve,Hrd Monster Bone: 5 |Ioprey Hide+: 10 |Hercudrome: 10
LLLLE,Hard Bone Lance,25000z,460,,9.5.9.2 9.5.9.7,0%,---,6,LC
Improve,Stout Bone: 2 |Monster Bone+: 5 |Machalite Ore: 10
Create,Stout Bone: 5 |Giant Bone: 15 |Iron Ore: 30
Shortcut,G Class Ticket: 1 |Stout Bone: 1
LLLLSE,Hard Bone Lance+,35000z,483,,9.5.9.7 9.5.9.10.2,0%,O--,6,LC
Improve,Master's Skull: 5 |Rare Scarab: 10 |Hrd Monster Bone: 8
LLLLSSR,Barbarian Tusk,55000z,506,,16.5.4.9.1 16.5.4.9.4.2,0%,O--,7,LC
Improve,Diablos Carapace: 3 |Stout Bone: 6 |Killer Beetle: 30
LLLLSSLR,Giant Tusk,75000z,552,,11.8.5.8.3 11.8.5.8.5.3,0%,OO-,9,LC
Improve,Hvy Monster Bone: 2 |Colossal Bone: 2 |Monster Broth+: 5
Create,Hvy Monster Bone: 5 |Colossal Bone: 5 |BirdWyvnStoutBne: 8 |Bullfango Pelt+: 5
LLLLSSLLE,*Brutal Tusk,100000z,598,,11.8.5.8.5.3 11.8.5.8.5.4.4,20%,OO-,9,LC
Improve,Ancient DrgnBone: 3 |Hvy Monster Bone: 5 |Colossal Bone: 5
LLLLSSLE,Heavy Bone Gunlance,75000z,506,,11.9.4.9.3 11.9.4.9.4.3,0%,O--,9,GL,Normal 4
Create,Hvy Monster Bone: 5 |Blaze Sac: 2 |Etherlite Ore: 5 |Rajang Horn: 1
Improve,Colossal Bone: 3 |BirdWyvnStoutBne: 4 |Firecell Stone: 4 |Rajang Horn: 1
LLLLSSLSE,*Hard Bone Cannon,100000z,598,,11.9.4.9.4.3 11.9.4.9.4.4.4,0%,OO-,9,GL,Normal 5
Improve,Ancient DrgnBone: 3 |Blaze Sac: 5 |Emperor Locust: 10
LLLLSSR,Demon Lance,80000z,414,Thn 160,9.5.9.7 9.5.9.10.2,20%,---,7,LC
Improve,Rajang Horn: 2 |Rajang Tail: 2 |Blk Rajang Pelt: 3
Create,Rajang Horn: 2 |Rajang Fang: 4 |Blk Rajang Pelt: 6 |Commendation: 4
LLLLSSLE,Great Demon Lance,90000z,437,Thn 210,9.5.9.10.2 9.5.9.10.5.2,25%,---,8,LC
Improve,Gold Rajang Pelt: 1 |Rajang Claw: 4 |Gld Rathian Scl+: 4
LLLLSSLSE,*Great Deity Lance,130000z,621,Thn 230,9.5.9.10.5.2 9.5.9.10.5.5.2,30%,---,10,LC
Improve,Rajang Hard Horn: 2 |BlkRajangThkPelt: 3 |Rajang StrngClaw: 4 |ShiningRajangPlt: 1
LLLLSSE,Full Voltage,50000z,460,Thn 180,11.9.4.6 11.9.4.9.2,0%,O--,7,GL,Long 2
Create,Khezu Hide - Tan: 8 |Thunder Sac: 5 |Carbalite Ore: 10 |Rubbery Hide+: 5
Improve,Khezu Hide - Tan: 5 |Thunder Sac: 3 |Rubbery Hide+: 3
LLLLSSSE,Full Generator,85000z,529,Thn 220,11.9.4.9.2 11.9.4.9.4.3,0%,O--,9,GL,Long 3
Improve,Khezu Hide-Gloss: 5 | Lightning Sac:3 | Khezu Steak:1
LLLLSSSSE,*MaxVolt Electrocannon,120000z,644,Thn 260,11.9.4.9.4.2 11.9.4.9.4.4.4,0%,O--,9,GL,Long 4
Improve,Khezu Hide-Gloss: 5 |KhezuChoiceSteak: 1 |Rubbery Hide G: 5 |KirinThn drTail G: 2
LLLE,Incessant Raven,10000z,368,Poi 80,9.5.9.7 9.5.9.10.2,0%,O--,5,LC
Improve,Garuga Tail: 1 |Garuga Wing: 2 |Garuga Scale: 5
Create,Garuga Tail: 3 |Sharpened Beak: 1 |Garuga Ear: 2 |Machalite Ore: 10
LLLSE,Incessant Wolf,65000z,460,Poi 140,3.4.17.7.4 3.4.17.7.5.4,0%,O--,7,LC
Improve,Garuga Scale+: 4 |Garuga Devil Ear: 2 |Toxin Sac: 5
LLLSSE,*Vicious Lance,105000z,621,Poi 160,3.4.17.7.5.4 3.4.17.7.5.5.4,0%,O--,9,LC
Improve,Garuga Tail +: 2 |Garuga StrngWng: 2 |Garuga Scale G: 5 |Venom Sac: 2
LLR,Crimson Lance,3100z,276,Fir 220,11.8.5.1 11.8.5.6,0%,---,3,LC
Improve,Blood Red Horn: 1 |Flame Sac: 2 |Machalite Ore: 4
Create,Monoblos Spine: 2 |Blood Red Horn: 1 |Machalite Ore: 8 |Monster Fluid: 5
LLLR,Crimson War Pike,6350z,368,Fir 280,11.8.5.6 11.8.5.8.3,0%,---,4,LC
Improve,Monoblos Heart: 1 |Blood Red Horn: 2 |Monoblos Shell: 6
LLLLE,*Crimson War Pike+,75000z,437,Fir 300,11.8.5.8.3 11.8.5.8.5.3,0%,---,7,LC
Improve,Majestic Red Hrn: 1 |Monoblos Carpce: 5 |Inferno Sac: 5
LLLR,Ceramic Blos Lance,4250z,322,Wat 150,3.4.17.1 3.4.17.6,0%,O--,4,LC
Improve,Wht Monoblos Hrn: 1 |Wht Monoblos Spn: 2 |Wht Monoblos Shl: 4
LLLLE,Ceramic Blos Lance+,6350z,345,Wat 200,3.4.17.6 3.4.17.7.4,10%,O--,5,LC
Improve,Wht Monoblos Hrn: 3 |Grn Plesioth Scl: 5 |Diablos Spine: 4
LLLLSE,White Disaster,75000z,437,Wat 220,3.4.17.7.4 3.4.17.7.5.4,15%,OO-,7,LC
Improve,Majestic Wht Hrn: 1 |WhtMnoblosThrcic: 4 |Diablos Thoracic: 6
LLLLSSE,*White Catastrophe,85000z,460,Wat 240,3.7.4.16.5 3.7.4.16.7.3,15%,OO-,7,LC
Improve,Majestic Wht Hrn: 2 |Wht Monoblos Cpc: 5 |Monoblos Heart: 1
LLLE,Diablo Horn,4900z,391,,5.5.9.6 5.5.9.11,-5%,---,4,LC
Improve,Twisted Horn: 1 |Diablos Shell: 4 |Dragonite Ore: 4
LLLSE,Diablo Spear,30000z,460,,9.5.9.7 9.5.9.10.2,-10%,---,5,LC
Improve,Majestic Horn: 1 |Blos Fang: 10 |Diablos Spine: 5
LLLSSE,Black Tempest,75000z,552,,7.4.15.6.3 7.4.15.6.4.4,-30%,O--,7,LC
Improve,TwstBlkBlosHorn: 4 |Blk Blos Thracic: 4 |Black Blos Cpc: 8
LLLSSSE,*Raging Tempest,115000z,736,,11.8.5.8.5.3 11.8.5.8.5.4.4,-20%,O--,10,LC
Improve,RobustBlkBlosHrn: 2 |Blk Blos HvySpne: 4 |Blk Blos Hvy Cpc: 8 |Lg Wyvern Stone: 1
LLR,Bone Claw Lance,3100z,299,Def+15,3.4.13 3.4.17.1,0%,O--,3,LC
Improve,Hermitaur Shell: 4 |Sm Hermitaur Shl: 5 |Sharp Claw: 3
Create,Hermitaur Claw: 2 |Hermitaur Shell: 5 |Sm Hermitaur Shl: 7 |Monster Fluid: 3
LLLR,Bone Claw Lance+,5600z,368,Def+20,9.5.9.7 9.5.9.10.2,0%,O--,4,LC
Improve,Hermitaur Claw: 3 |Hermitaur Shell: 8 |Monster Bone+: 2
LLLE,Scissor Gunlance,(same above),88
LLE,Blade Stinger,3650z,345,,5.5.9.11 5.5.9.13.3,0%,O--,4,LC
Improve,Ceanataur Pincer: 2 |Sm Ceanataur Shl: 10 |Black Pearl: 3
LLSE,Ceanataur Stinger,5600z,391,,3.7.4.16 3.7.4.16.5,0%,O--,4,LC
Improve,Ceanataur Claw: 8 |Ceanataur Shell: 10 |Monster Bone+: 3
LLSSE,Ceanataur Piercer,50000z,460,,3.7.4.16.5 3.7.4.16.7.3,10%,O--,6,LC
Improve,Ceanataur Claw+: 3 |Ceanataur Carpce: 5 |Ceanataur Leg: 8
LLSSSR,Ochre Stinger,85000z,575,,16.5.4.9.4.5.2 16.5.4.9.4.5.2,0%,O--,9,LC
Improve,RedCeanataurClaw: 2 |RedCeanataurShl: 5 |HermitaurClaw G: 5
Create,RedCeanataurClaw: 4 |RedCeanataurShl: 8 |Ceanataur Leg: 15 |Emperor Locust: 5
LLSSSLE,*Ochre Stabber,115000z,598,,5.5.9.13.5.5.3 5.5.9.13.5.5.3,0%,O--,10,LC
Improve,RedCeanataurClaw: 3 |CeanataurHvyLeg: 5 |Black Pearl+: 2 |Gaoren Hvy Cpc: 3
LLSSSE,Shelled Claw Lance,85000z,529,Def+40,9.5.9.10.2 9.5.9.10.5.2,0%,OO-,9,LC
Improve,Pur HermitaurShl: 5 |Pur HermitaurClw: 1 |Razor Claw: 5
Create,Pur HermitaurShl: 8 |Pur HermitaurClw: 2 |Black Pearl+: 3 |Monster Broth: 10
LLSSSSE,*King Crab Lance,115000z,621,Def+40,9.5.9.10.5.2 9.5.9.10.5.5.2,0%,OO-,9,LC
Improve,Pur HermitaurClw: 2 |Pur HermitaurShl: 8 |CeanataurHvyLeg: 3 |Black Pearl+: 2
LR,Dark Lance,2150z,230,Par 180,5.7.5.3 5.7.5.8,0%,---,2,LC
Improve,Hornetaur Shell: 10 |Vespoid Abdomen: 1 |Paralysis Sac: 2
LLE,Dark Spear,4250z,299,Par 200,5.7.5.13 5.7.5.16.2,0%,O--,4,LC
Improve,Hornetaur Head: 3 |Hercudrome: 3 |Gendrome Skull: 2
LLSE,Dark,55000z,322,Par 230,9.5.9.10.5.2 9.5.9.10.5.5.2,0%,O--,6,LC
Improve,HornetaurInnrWng: 5 |Hornetaur Carpce: 8 |Gendrome Tail: 5
LLSSE,*Darkness,100000z,506,Par 250,3.4.17.7.5.5.4 3.4.17.7.5.5.4,0%,OO-,9,LC
Improve,HorneturRazrWng: 5 |Vespoid RazrWng: 5 |Hornetaur Carpce: 10 |Monster Broth+: 3
LL,Bone Gunlance,650z,161,,2.4.7 2.4.10,0%,---,1,GL,Normal 1
Create,Brute Bone: 2 |Rumblefish: 1
LEB,Great Bone Gunlance,1400z,230,,2.4.12 2.4.16.1,0%,---,2,GL,Normal 2
Improve,Brute Bone: 5 |Fire Herb: 5
LSSR,Wyvern Bone Gunlance,2150z,299,,2.4.16.1 2.4.16.6,0%,---,1,GL,Normal 3
Improve,Giant Bone: 3 |Lg Monster Bone: 3 |Burst Arrowana: 3
LSSLE,Hellsting,4250z,322,Ice 250,15.4.3.5 15.4.3.9.1,10%,O--,4,GL,Spread 1
Create,Blangonga Fang: 2 |Blango Pelt: 20 |Giant Bone: 2 |Sharp Claw: 10
Improve,Blango Pelt: 15 |Blangonga Pelt: 5 |Ice Crystal: 10
LSSLSE,Hellsting+,6350z,345,Ice 270,2.4.16.5 2.4.16.7.3,10%,OO-,5,GL,Spread 2
Improve,Blangonga Fang: 2 |Blangonga Tail: 5 |Tigrex Fang: 5
LSSLSSE,Hellstinger,50000z,414,Ice 320,2.4.16.7.5 2.4.16.7.5.5,20%,OO-,7,GL,Spread 3
Improve,Blangonga Fang+: 4 |Blangonga Whiskr: 4 |Blango Pelt+: 10
LSSLSSSR,*Hell Blizzard,90000z,575,Ice 340,2.4.16.7.5.5 2.4.16.7.5.6.5,25%,OO-,10,GL,Spread 4
Improve,Blangnga HvyFang: 4 |Blngnga HrdWhskr: 2 |Blangonga Pelt G: 8
LSSLSSSE,Desert Sling,95000z,644,,16.5.4.9.4.2 16.5.4.9.4.5.2,-20%,---,9,GL,Normal 3
Improve,Brwn BlngngaFang: 2 |Brwn BlngngaPelt: 4 |Naruga Hvy Fang: 4
LSSLSSSSE,*Desert Slinger,115000z,736,,11.8.5.8.5.3 11.8.5.8.5.4.4,-20%,---,10,GL,Normal 4
Improve,Brwn BlngngaTail: 2 |Blngnga HrdWhskr: 5 |Brwn BlngngaPelt: 10 |Rajang StrngClaw: 3
LSSE,Average Hitter,3100z,299,Poi 180,7.4.8 7.4.13,0%,O--,3,GL,Normal 2
Create,Pur Rubbery Hide: 4 |Gypceros Head: 1 |Poison Sac: 10 |Fire Stone: 3
Improve,Pur Rubbery Hide: 4 |Lightcrystal: 2 |Poison Sac: 5
LSSSE,Grand Slam,5600z,391,Poi 240,7.4.8.2 7.4.8.6,0%,O--,4,GL,Normal 2
Improve,Pur Rubbery Hide: 10 |Gypceros Head: 1 |Remobra Skull: 2
LSSSSE,Hard Hitter,35000z,437,Poi 290,6.3.15.3 6.3.15.5.3,0%,O--,6,GL,Normal 3
Improve,Rubbery Hide+: 4 |Toxin Sac: 7 |Nova Crystal: 2
LSSSSSE,Big Slugger,50000z,460,Poi 320,4.4.9.11 4.4.9.12.2,0%,OO-,7,GL,Normal 3
Improve,Rubbery Hide+: 8 |Gypceros Head: 3 |Inferno Sac: 8
LSSSSSSR,*Triple Crown,105000z,506,Poi 400,4.4.9.12.3 4.4.9.12.4.2,0%,OOO,9,GL,Normal 4
Improve,Rubbery Hide G: 5 |Gypceros HrdHead: 1 |Venom Sac: 5 |Pure Crystal: 1
LSSSSSSE,Venom De Cologne,90000z,483,Poi 160,8.4.7.10.2 8.4.7.10.3.2,0%,O--,8,GL,Long 2
Create,Chameleos Hide+: 5 |Nova Crystal: 5 |Chameleos Spike: 2 |Firecell Stone: 5
Improve,Chameleos Hide+: 3 |Nova Crystal: 3 |Inferno Sac: 5
LSSSSSSSE,Venom De Toilette,110000z,575,Poi 200,18.5.3.9.3.2 18.5.3.9.3.5.2,0%,O--,9,GL,Long 3
Improve,Chameleos Hide+: 5 |Pure Crystal: 2 |Venom Sac: 5 |Garuga Tail +: 2
LSSSSSSSSE,*Venom De Parfum,130000z,644,Poi 240,5.5.9.13.5.3 5.5.9.13.5.5.3,0%,O--,10,GL,Long 4
Improve,Chameleos Hide G: 5 |ChameleosWbng G: 2 |Pure Crystal: 3 |Chameleos Jewel: 3
E,Wild Bone Lance,1400z,230,,5.7.3 5.7.5.3,0%,---,2,LC
Improve,Bullfango Pelt: 3 |Brute Bone: 3 |Iron Ore: 2
Create,Bullfango Pelt: 5 |Brute Bone: 3 |Anteka Antlers: 2 |Carpenterbug: 5
Shortcut,G Class Ticket: 1 |Bullfango Pelt: 1
SR,Wild Bone Lance+,2150z,276,,7.4.9 7.4.14,0%,---,3,LC
Improve,Bulldrome Tusk: 2 |Bullfango Head: 1 |Bulldrome Hide: 3
SLR,*Bulldrome Spear,40000z,483,,3.4.17.6 3.4.17.7.4,0%,OO-,6,LC
Improve,Bulldrome Tusk: 6 |Bulldrome Hide+: 4 |Stout Bone: 4
SLE,Red Tail,2600z,253,Fir 250,5.5.9.6 5.5.9.11,0%,---,3,LC
Improve,FireWyvern Fluid: 3 |Wyvern Claw: 6 |Flame Sac: 2
Create,Rathalos Scale: 3 |Rathalos Shell: 2 |FireWyvern Fluid: 4 |Flame Sac: 2
SLSR,*Spear of Prominence,35000z,345,Fir 460,5.5.9.11 5.5.9.13.3,0%,---,5,LC
Improve,Rathalos Tail: 5 |Rathalos Shell: 7 |Rathalos Plate: 1
SLSE,Blue Tail,4900z,322,Fir 300,9.5.9.7 9.5.9.10.2,0%,O--,4,LC
Improve,Azr Rathlos Tail: 3 |Azre Rathlos Shl: 5 |FireWyvrn Marrow: 1
SLSSE,Blue Prominence,70000z,391,Fir 420,9.5.9.10.2 9.5.9.10.5.2,0%,O--,7,LC
Improve,Azr Rathlos Tail: 10 |Azre Rathlos Cpc: 6 |Rathalos Ruby: 1
SLSSSE,*Prominence Soul,120000z,575,Fir 480,9.5.9.10.5.2 9.5.9.10.5.5.2,0%,O--,10,LC
Improve,AzrRthlosHrdTail: 2 |AzrRathlosHvyCpc: 5 |RathlosDvnePlate: 1
SE,Fragrance,1400z,207,,3.7.4.6 3.7.4.11,0%,OO-,2,LC
Improve,Dosbiscus: 2 |Carpenterbug: 3 |Sunset herb: 3
Create,Dosbiscus: 4 |Iron Ore: 3 |Sap Plant: 5 |Godbug: 1
SSE,Fragrance+,3650z,276,,3.7.4.16 3.7.4.16.5,0%,OOO,4,LC
Improve,Dosbiscus: 6 |Alluring Hide: 3 |Black Pearl: 5
SSSE,*Noble Fragrance,45000z,345,,3.7.4.16.5 3.7.4.16.7.3,0%,OOO,6,LC
Improve,Dosbiscus: 10 |Carbalite Ore: 5 |Conga Pelt+: 10
,Native Spear,7500z,184,Poi 430,5.7.5.3 5.7.5.8,0%,---,3,LC
Create,Unknown Skull: 1 |Wyvern Claw: 1 |Bone: 1 |Iodrome Skull: 1
E,*Primal Spear,45000z,230,Poi 450,5.5.9.13.3 5.5.9.13.5.3,0%,---,6,LC
Improve,Master's Skull: 1 |Toxin Sac: 5 |FlynMealPassReg: 10
,Black Belt Lance,6000z,345,,5.5.9.6 5.5.9.11,0%,OO-,4,LC
Create,Blackbelt Ticket: 8 |Congalala Coin: 10 |Plesioth Coin: 10 |Kut-ku Coin: 15
E,Expert Lance,20000z,460,Poi 80,5.5.9.11 5.5.9.13.3,0%,OOO,8,LC
Improve,Expert Ticket: 15 |Kirin Coin: 5 |Slvr Ratlos Tail: 2
SE,*Fighter's Lance,75000z,598,Poi 80,5.5.9.13.5.3 5.5.9.13.5.5.3,0%,OOO,10,LC
Improve,SlvRthlosHrdTail: 2 |Fighter Coin G: 4 |Expert Coin G: 5 |Commendation G: 1
,Vermillion Rim,40000z,368,Drg 150,5.5.9.6 5.5.9.11,0%,---,5,LC
Create,Lao-Shan's Horn: 2 |Lao-Shan's Shell: 3 |Gaoren Shell: 4 |Commendation: 1
E,Dragonic Rim,85000z,414,Drg 200,5.5.9.11 5.5.9.13.3,0%,---,7,LC
Improve,Lao-ShanCarapace: 3 |Lao-Shan Scale+: 6 |Gaoren Spine: 6
SE,Sealed Dragonlance,95000z,437,Drg 300,5.5.9.13.3 5.5.9.13.5.3,15%,---,8,LC
Improve,Lao-Shan's Ruby: 1 |Gaoren Thoracic: 4 |Gaoren Claw: 8
SSE,Dragonlance [Honor],120000z,529,Drg 320,5.5.9.13.5.3 5.5.9.13.5.5.3,20%,---,9,LC
Improve,Lao-Shan Hvy Cpc: 3 |Lao-ShanThckScl: 6 |Gaoren Thoracic: 4
SSSE,*Dragonlance [Void],140000z,575,Drg 340,3.7.4.16.7.3 3.7.4.16.7.5.3,25%,---,10,LC
Improve,LaoS Dvine Plate: 1 |Azure LaoS Claw: 4 |GaorenStrngClaw: 4 |Commendation S: 1
,Black Lance,15000z,322,Drg 290,5.7.5.3 5.7.5.8,0%,---,5,LC
Create,Dark Stone: 1 |Dark Piece: 4 |Pokke Ticket: 1
R,Black Dragon Spear,100000z,483,Drg 320,11.8.5.6 11.8.5.8.3,-20%,---,8,LC
Improve,Fatalis Horn: 4 |Fatalis Eye: 2 |Lao-Shan's Ruby: 1
LE,*Tru BlackDragon Spear,150000z,644,Drg 360,11.8.5.8.3 11.8.5.8.5.3,-10%,O--,10,LC
Improve,Fatalis Hvy Horn: 4 |Fatalis Evil Eye: 2 |Elder Dragon Jwl: 1
E,Black Ruiner Lance,100000z,460,Drg 380,11.8.5.8.3 11.8.5.8.5.3,-20%,---,8,LC
Improve,Fatalis CrmsnHrn: 3 |Fatalis CrmsnShl: 5 |Chameleos Jewel: 2
SE,*Tru BlackRuiner Lance,150000z,598,Drg 400,11.8.5.8.5.3 11.8.5.8.5.4.4,-20%,---,10,LC
Improve,FataHvyCrmsnHrn: 3 |FataHvyCrmsnShl: 5 |Elder Dragon Jwl: 2
,Rusted Lance,1000z,,,15 16.4,0%,---,1,LC
Create,Ruststone Rod: 1
E,Tarnished Lance,2500z,253,,16.4 16.5.4,0%,---,1,LC
Improve,Earth Crystal: 20
SR,*Undertaker,40000z,414,,16.5.4.5 16.5.4.9.1,-20%,---,5,LC
Improve,Earth Crystal: 40 |ElderDragonBlood: 1
SE,Steel Ice Spear,35000z,322,Ice 200 Def+4,11.8.5.1 11.8.5.6,0%,---,5,LC
Improve,Daora Tail: 1 |Daora Shell: 3 |DaoraDragonScale: 4
SSE,Steel Ice Spear+,40000z,345,Ice 240 Def+6,11.8.5.6 11.8.5.8.3,0%,---,5,LC
Improve,Daora Claw: 4 |Daora Shell: 5 |ElderDragonBlood: 2
SSSE,Daora's Fang,90000z,437,Ice 300 Def+8,11.8.5.8.3 11.8.5.8.5.3,0%,---,8,LC
Improve,Daora Sharp Claw: 2 |Daora Carapace: 6 |Daora Jewel: 1
SSSSE,*Daora Regulus,130000z,621,Ice 320 Def+10,11.8.5.8.5.3 11.8.5.8.5.4.4,0%,---,10,LC
Improve,Daora Tail G: 1 |Daora Hvy Carpce: 7 |Daora Horn G: 2 |Elder Dragon Jwl: 1
,Worn Spear,1000z,299,,16.4 16.5.4,0%,---,6,LC
Create,Ancient StoneRod: 1
E,Weathered Spear,12500z,345,,16.5.4 16.5.4.5,0%,---,6,LC
Improve,Earth Crystal: 20
SR,Matenro,60000z,483,,16.5.4.9.1 16.5.4.9.4.2,-20%,OO-,7,LC
Improve,Earth Crystal: 40 |ElderDragonBlood: 5
SLE,Skyscraper,100000z,598,,16.5.4.9.4.2 16.5.4.9.4.5.2,-15%,OO-,9,LC
Improve,Pure Crystal: 8 |ElderDragonBlood: 10 |Commendation G: 1
SE,Teostra's Howl,80000z,414,Fir 180,11.8.5.6 11.8.5.8.3,10%,---,7,LC
Improve,Teostra Tail: 4 |Teostra Shell: 8 |Fire Dragon Pwdr: 2
SSE,Teostra's Roar,90000z,460,Fir 200,11.8.5.8.3 11.8.5.8.5.3,10%,---,8,LC
Improve,Teostra Horn+: 2 |Teostra Carapace: 8 |Fire Drgn Jwl: 1
SSSE,*Teostra's Axis,130000z,621,Fir 220,11.8.5.8.5.3 11.8.5.8.5.4.4,15%,---,10,LC
Improve,Teostra Horn G: 2 |Teostra Tail G: 4 |Elder Dragon Jwl: 1
,Tiger Stinger,35000z,391,,16.5.4.9.1 16.5.4.9.4.2,-30%,---,5,LC
Create,Tigrex Scale: 6 |Tigrex Tail: 1 |Tigrex Claw: 5 |Pokke Ticket: 1
R,Tigrex Lance,80000z,506,,9.5.9.10.5.2 9.5.9.10.5.5.2,-30%,---,7,LC
Improve,Tigrex Scale+: 6 |Tigrex Tail: 3 |Tigrex Claw+: 5
LE,*Megarex gunlance,125000z,667,,9.5.9.10.5.5.2 9.5.9.10.5.5.2,-30%,---,10,LC
Improve,Tigrex Hrd Tail: 1 |Tigrex Thck Scl: 6 |Tigrex StrngClaw: 5 |TigrexDvinePlate: 1
E,Hidden Stinger,80000z,437,,5.5.9.13.5.3 5.5.9.13.5.5.3,50%,O--,7,LC
Improve,NarugaTail: 1 |Naruga Wing: 3 |Naruga Fang+: 6
Create,NarugaTail: 3 |Naruga Wing: 5 |Naruga Fang+: 10 |Naruga Marrow: 1
SE,*Shdw Spr "Black Rain",120000z,552,,5.5.9.13.5.5.3 5.5.9.13.5.5.3,50%,OO-,10,LC
Improve,Naruga Hrd Tail: 1 |Naruga Strng Wng: 5 |Naruga Hvy Fang: 6 |Naruga Marrow: 2
Create,Naruga Hrd Tail: 3 |Naruga Strng Wng: 7 |Naruga Thck Scl: 10 |NarugaDvinePlate: 1
,Vacuum Striker,7500z,184,Wat 270,5.5.9.1 5.5.9.6,0%,---,3,LC
Create,Pale Bone: 2 |Rubbery Hide: 1 |FlynMealPassReg: 2
E,*Hyper Vacuum,45000z,253,Wat 340,3.7.4.16.5 3.7.4.16.7.3,0%,---,6,LC
Improve,Khezu Steak: 2 |Dragonwood: 2 |FlynMealPassPlus: 3
,*Ucamulbas Lance,150000z,805,Ice 120 Def+10,16.5.4.9.1 16.5.4.9.4.2,-30%,---,10,LC
Create,Ucamulbas Scale: 8 |Ucamulbas Shell: 4 |Ucamulbas Tail: 2 |Ucamu Divine Jwl: 1
,Rex Blast,35000z,391,,13.4.3.9.1 13.4.3.9.3.2,-30%,---,5,GL,Spread 2
Create,Tigrex Fang: 4 |Tigrex Claw: 5 |Tigrex Shell: 2 |Pokke Ticket: 1
R,Tigrex Gunlance,80000z,506,,9.5.9.10.4.2 9.5.9.10.4.6.2,-30%,---,7,GL,Spread 3
Improve,Tigrex Fang+: 4 |Tigrex Claw+: 5 |Tigrex Carapace: 4
LE,*Gigarex gunlance,125000z,667,,9.5.9.10.4.6.2 9.5.9.10.4.6.2,-30%,---,10,GL,Spread 4
Improve,Tigrex Hvy Fang: 4 |Tigrex StrngClaw: 5 |TigrexDvinePlate: 1
E,Hidden Gunlance,80000z,437,,5.5.9.13.5.3 5.5.9.13.5.5.3,50%,O--,7,GL,Normal 3
Create,Naruga Wing: 4 |NarugaTail: 3 |Naruga Marrow: 1 |Hrd Monster Bone: 5
Improve,Naruga Wing: 2 |NarugaTail: 1 |Naruga Scale+: 10
SE,*Shadow GLance "Luna",120000z,552,,5.5.9.13.5.5.3 5.5.9.13.5.5.3,50%,OO-,10,GL,Normal 4
Create,Naruga Hrd Tail: 4 |Naruga Thck Scl: 10 |NarugaDvinePlate: 1 |Tigrex Hrd Tail: 2
Improve,Naruga Strng Wng: 4 |Naruga Hrd Tail: 2 |Naruga Marrow: 2 |Hvy Monster Bone: 5
,Dragonwood Gunlance,20000z,299,Par 180,6.3.13.5 6.3.13.6.3,0%,O--,5,GL,Normal 2
Create,Dragonwood: 4 |Sinister Cloth: 1 |Thunderbug Juice: 5 |FireWyvern Fluid: 10
E,Gld Dragonwd GLance,75000z,368,Par 230,6.3.13.5.3 6.3.13.5.3.4,0%,OO-,8,GL,Normal 3
Improve,Dragonwood+: 4 |Dragonmoss+: 2 |Pokke Ticket+: 1
SE,Ancient Drgnwd GLance,120000z,460,Par 250,15.5.4.9.3.2 15.5.4.9.3.6.3,0%,OO-,9,GL,Normal 3
Create,Dragonwood G: 5 |Yamatsukami Fin: 2 |Thunderbug Jelly: 10 |Fire Dragon Pwdr: 3
Improve,Dragonwood G: 3 |Dragonmoss G: 3 |Fire Dragon Pwdr: 1
SSE,*Drgnwd "Holy Burial",145000z,529,Par 270,9.5.9.10.5.2 9.5.9.10.5.5.2,0%,OO-,10,GL,Normal 3
Improve,Yamatsukami Skin: 5 |YamatsukamiFluid: 5 |Fire Drgn HvyScl: 3 |Commendation S: 1
,Dark Gunlance,15000z,345,Drg 250,5.5.9.7 5.5.9.10,0%,---,5,GL,Spread 1
Create,Dark Stone: 1 |Dark Piece: 4 |Pokke Ticket: 1
E,Dark Dragon Gunlance,100000z,460,Drg 310,11.7.4.7.3 11.7.4.7.5.2,-20%,---,8,GL,Spread 3
Improve,Fatalis Eye: 1 |Fatalis Horn: 2 |Fatalis Shell: 4 |Daora Jewel: 1
SE,*Tru BlackDrgn G.lance,150000z,621,Drg 380,18.5.3.9.3.2 18.5.3.9.3.5.2,-20%,---,10,GL,Spread 4
Improve,Fatalis Evil Eye: 1 |Fatalis Hvy Horn: 2 |Fatalis Hvy Shl: 4 |Elder Dragon Jwl: 1
,Akantor Gunlance,100000z,575,,4.7.4.2 4.7.4.7,40%,---,8,GL,Normal 1
Create,Akantor Fang: 4 |Akantor Claw: 3 |Akantor Shell: 5 |Firecell Stone: 8
E,*Akantor Cannon ,145000z,759,,4.7.4.8 4.7.4.14,40%,---,10,GL,Normal 4
Improve,Ucamu Divine Jwl: 1 |Lg Wyvern Stone: 3 |Akantor Fang: 4 |Akantor Shell: 7
,Corn Cannon,40000z,414,,3.7.4.16 3.7.4.16.5,0%,OOO,6,GL,Spread 3
Create,Great Corn: 2 |Inferno Sac: 5 |Ivy: 10 |Commendation G: 1
E,*Corn Blaster,75000z,598,,3.7.4.16.5 3.7.4.16.7.3,0%,OOO,9,GL,Spread 5
Improve,Great Corn: 5 |Blaze Sac: 3 |Dragonwood G: 1 |Etherlite Ore: 10
,*Eldr Dgnlnce "Emblem",350z,598,,7.5.5.16.5.2.0 7.5.5.16.5.5.2,0%,O--,9,GL,Long 5
Create,FamitsuSpcialTkt: 4 |Daora Tail G: 4 |Fire Drgn HvyScl: 20 |Chameleos Hide G: 10
,*Ucamulbas Cannon,150000z,805,Ice 120 Def+10,16.5.4.9.1 16.5.4.9.4.2,-30%,---,10,GL,Long 5
Create,Ucamulbas Jaw: 2 |Ucamulbas Fin: 4 |Ucamulbas Shell: 5 |Ucamu Divine Jwl: 1
,Iron Lance G,100000z,644,,5.5.9.13.5.3 5.5.9.13.5.5.3,0%,---,9,LC
Create,Commendation G: 1 |Iron Ore: 40 |Disk Stone: 25 |Etherlite Ore: 10
,Long Tusk G,100000z,644,,9.5.9.10.5.2 9.5.9.10.5.5.2,0%,---,9,LC
Create,Commendation G: 1 |Lg Monster Bone: 20 |Bone: 50 |Hvy Monster Bone: 10
,Tarnished Lance G,100000z,736,,16.5.4 16.5.4.5,0%,---,9,LC
Create,Commendation G: 1 |Ruststone Rod: 5
,Spiked Spear G,100000z,644,,3.7.4.16.7.3 3.7.4.16.7.5.3,0%,---,9,LC
Create,Commendation G: 1 |Etherlite Ore: 10 |Hvy Monster Bone: 10 |Killer Beetle: 20
,Rampart G,100000z,621,Def+6,5.7.5.16.5.2 5.7.5.16.5.5.2,0%,O--,9,LC
Create,Commendation G: 1 |Lightcrystal: 10 |Machalite Ore: 20 |Melange Ore: 5
,Valhalla G,100000z,598,Def+12,3.7.4.16.7.3 3.7.4.16.7.5.3,0%,OOO,9,LC
Create,Commendation G: 1 |Pure Crystal: 5 |Dragonite Ore: 20 |Ice Crystal: 20
,Fragrance G,100000z,621,,3.7.4.16.5 3.7.4.16.7.3,0%,OOO,9,LC
Create,Commendation G: 1 |Dosbiscus: 10 |Great Corn: 5 |Dragonmoss G: 3
,Requiem Spear G,100000z,529,Slp 260,3.7.4.16.7.3 3.7.4.16.7.5.3,0%,OO-,9,LC
Create,Commendation G: 1 |Sleep Sac: 15 |Plesioth Fin G: 8 |Sleepyfish: 10
,Dark Spear G,100000z,529,Par 200,5.5.9.13.5.5.3 5.5.9.13.5.5.3,0%,O--,9,LC
Create,Commendation G: 1 |HorneturRazrWng: 5 |Hornetaur Head: 5 |QueenVespoidShl: 2
,Bulldrome Spear G,100000z,690,,3.4.17.7.4 3.4.17.7.5.4,0%,OO-,9,LC
Create,Commendation G: 1 |Bullfango Head: 5 |Bulldrome Hide+: 8 |Bullfango Pelt+: 5
,Bone Claw Lance G,100000z,621,Def+20,9.5.9.10.5.2 9.5.9.10.5.5.2,0%,O--,9,LC
Create,Commendation G: 1 |HermitaurClaw G: 3 |Hermitaur Claw+: 6 |Razor Claw: 8
,Trident G,100000z,506,Par 300,16.5.4.9.4.2 16.5.4.9.4.5.2,0%,---,9,LC
Create,Commendation G: 1 |Thunder Sac: 10 |Rubbery Hide G: 7 |Thunderbug: 20
,Gatling Lance G,100000z,598,Fir 160 Def+16,5.7.5.16.5.2 5.7.5.16.5.5.2,0%,O--,9,LC
Create,Commendation G: 1 |Etherlite Ore: 15 |Gunpowder: 20 |FireWyvrn BrnStm: 5
,Venom Lance G,100000z,598,Poi 200,5.5.9.13.5.3 5.5.9.13.5.5.3,0%,---,9,LC
Create,Commendation G: 1 |Basarios Tears: 5 |Basarios Hvy Cpc: 8 |Venom Sac: 8
,Crimson War Pike G,100000z,575,Fir 300,11.8.5.8.5.3 11.8.5.8.5.4.4,0%,---,9,LC
Create,Commendation S: 1 |Majestic Red Hrn: 3 |Monoblos Thrcic: 5 |Etherlite Ore: 15
,Diablo Spear G,100000z,667,,9.5.9.10.5.2 9.5.9.10.5.5.2,-10%,---,9,LC
Create,Commendation S: 1 |Glorious Horn: 2 |Diablos HvySpne: 4 |Lg Wyvern Stone: 1
,Native Spear G,100000z,391,Poi 450,16.5.4.9.4.5.2 16.5.4.9.4.5.2,0%,OO-,9,LC
Create,Commendation G: 1 |Master's Skull: 3 |Iodrome Skull: 5 |Venom Sac: 10
,Black Belt Lance G,100000z,621,,5.5.9.13.5.3 5.5.9.13.5.5.3,0%,OO-,9,LC
Create,Commendation G: 1 |Expert Ticket: 10 |Kirin Coin: 6 |Legendary Coin G: 1
,Undertaker G,100000z,667,,16.5.4.9.4.2 16.5.4.9.4.5.2,-20%,O--,9,LC
Create,Commendation S: 1 |Ancient StoneRod: 3 |ElderDragonBlood: 10 |Lg Wyvern Stone: 1
,Knight Spear G,100000z,621,,3.7.4.16.7.3 3.7.4.16.7.5.3,0%,OO-,9,LC
Create,Commendation G: 1 |Carbalite Ore: 15 |Etherlite Ore: 7 |Velociprey Hide+: 10
,Hard Bone Lance G,100000z,667,,9.5.9.10.2 9.5.9.10.5.2,0%,---,9,LC
Create,Commendation G: 1 |Colossal Bone: 7 |Melange Ore: 7 |Giant Bone: 20
,Roaring Wyvern G,100000z,598,Drg 100 Def+10,5.7.5.16.5.2 5.7.5.16.5.5.2,0%,O--,9,LC
Create,Commendation S: 1 |Dragonite Ore: 15 |Union Ore: 10 |BlkGraviosHvyShl: 10
,Great Ogre Tusk G,100000z,644,,7.4.15.6.4.4 7.4.15.6.4.6.3,0%,---,9,LC
Create,Commendation G: 1 |Hvy Monster Bone: 8 |Monster Bone+: 15 |Ioprey Hide+: 10
,Barbaroi Tusk G,100000z,644,,16.5.4.9.4.2 16.5.4.9.4.5.2,0%,O--,9,LC
Create,Commendation G: 1 |Stout Bone: 10 |Diablos HvySpne: 3 |PhantomButterfly: 5
,Noble Fragrance G,100000z,598,,3.7.4.16.7.3 3.7.4.16.7.5.3,0%,OOO,9,LC
Create,Commendation G: 1 |Dosbiscus: 10 |Etherlite Ore: 8 |Congalala Pelt G: 5
,Hyper Vacuum G,100000z,368,Wat 340,9.5.9.10.5.5.2 9.5.9.10.5.5.2,0%,OO-,9,LC
Create,Commendation G: 1 |KhezuChoiceSteak: 2 |Dragonwood G: 2 |FlynMealPassPlus: 10
,Aqua Spear G,100000z,552,Wat 400,5.7.5.16.5.2 5.7.5.16.5.5.2,0%,O--,9,LC
Create,Commendation G: 1 |Plesioth Fin G: 6 |Plesioth Scale+: 10 |Plesioth Fin: 15
,Emerald Spear G,100000z,529,Wat 450,5.7.5.16.5.2 5.7.5.16.5.5.2,0%,OOO,9,LC
Create,Commendation G: 1 |GrnPlsioth Fin G: 4 |Grn Plsioth Scl+: 10 |Grn Plesioth Fin: 15
,Grayburg Javelin G,100000z,644,Def+8,3.7.4.16.7.3 3.7.4.16.7.5.3,0%,---,10,LC
Create,Commendation S: 1 |DaoraDrgnThckScl: 5 |Carbalite Ore: 15 |Fire Stone: 10
,Sanctioned Gunlance G,100000z,575,Fir 250 Def+20,5.7.5.16.5.2 5.7.5.16.5.5.2,0%,OO-,10,LC
Create,Commendation S: 1 |Firecell Stone: 10 |FireWyvrn Marrow: 10 |Blaze Sac: 5
,Ceanataur Piercer G,100000z,575,,5.7.5.16.5.5.2 5.7.5.16.5.5.2,15%,O--,10,LC
Create,Commendation G: 1 |CeanataurClaw G: 3 |Ceanataur Claw+: 6 |Ceanataur Leg: 8
,Ceramic Blos Lance G,100000z,575,Wat 240,3.4.17.7.5.4 3.4.17.7.5.5.4,20%,OO-,10,LC
Create,Commendation S: 1 |Majestic Wht Hrn: 3 |WhtMnoblosThrcic: 5 |Diablos HvySpne: 3
,Gravios Spear G,100000z,575,Poi 270 Def+6,5.5.9.13.5.3 5.5.9.13.5.5.3,0%,---,10,LC
Create,Commendation S: 1 |Gravios Hvy Cpc: 8 |Poison Sac: 20 |Gravios BrainStm: 5
,Black Gravios Spear G,100000z,552,Fir 360 Def+12,9.5.9.10.5.2 9.5.9.10.5.5.2,0%,O--,10,LC
Create,Commendation S: 1 |BlkGraviosHvyShl: 8 |Firecell Stone: 15 |Gravios BrainStm: 5
,Spear of Prominence G,100000z,529,Fir 460,5.5.9.13.5.3 5.5.9.13.5.5.3,0%,OO-,10,LC
Create,Commendation S: 1 |Rathalos HrdTail: 3 |Rathalos Hvy Cpc: 5 |Rathalos Plate: 5
,Sealed Dragonlance G,100000z,552,Drg 300,5.5.9.13.5.3 5.5.9.13.5.5.3,20%,---,10,LC
Create,Commendation S: 1 |Lao-Shan's Shell: 7 |Lao-Shan Hvy Cpc: 3 |Gaoren Hvy Cpc: 3
,Iron Gunlance G,100000z,644,,5.7.5.16.5.2 5.7.5.16.5.5.2,0%,O--,9,GL,Normal 3
Create,Commendation G: 1 |Gunpowder: 20 |Etherlite Ore: 10 |Blaze Sac: 5
,Wyvern Bone Gunlance G,100000z,644,,3.4.17.7.5.4 3.4.17.7.5.5.4,0%,---,9,GL,Normal 4
Create,Commendation G: 1 |Hrd Monster Bone: 8 |Colossal Bone: 5 |Burst Arrowana: 10
,Snow Gunlance G,100000z,598,Ice 150,5.5.9.13.5.3 5.5.9.13.5.5.3,0%,---,9,GL,Normal 4
Create,Commendation G: 1 |Giadrome Claw+: 10 |Giaprey Hide+: 10 |Blaze Sac: 8
,Imperial Gunlance G,100000z,621,,3.7.4.16.7.3 3.7.4.16.7.5.3,0%,OO-,9,GL,Long 4
Create,Commendation G: 1 |Fire Stone: 20 |Melange Ore: 5 |Pure Crystal: 2
,Scissor Cannon G,100000z,598,Def+28,5.7.5.16.5.2 5.7.5.16.5.5.2,0%,OOO,9,GL,Normal 4
Create,Commendation G: 1 |HermitaurClaw G: 2 |Hermitaur HvyCpc: 4 |Inferno Sac: 10
,Grand Slam G,100000z,621,Poi 240,7.4.15.6.3 7.4.15.6.4.4,0%,O--,9,GL,Normal 4
Create,Commendation S: 1 |Gypceros Head: 3 |Pur Gyp StrngWng: 4 |Venom Sac: 5
,Marine Fisher G,100000z,598,Wat 200,5.5.9.13.5.3 5.5.9.13.5.5.3,0%,---,9,GL,Long 3
Create,Commendation S: 1 |Plesioth Fin G: 4 |Plsioth Thck Scl: 5 |Cephalos Fin+: 5
,White Cannon G,100000z,621,Def+8,5.5.9.13.5.3 5.5.9.13.5.5.3,0%,O--,10,GL,Long 3
Create,Commendation S: 1 |Gravios Skl Shl: 3 |Gravios Hvy Cpc: 5 |Flame Sac: 20
,Gld Dragonwd GLance G,100000z,506,Par 230,7.4.15.6.4.4 7.4.15.6.4.6.3,0%,OO-,10,GL,Normal 3
Create,Commendation G: 1 |Dragonwood+: 10 |Sinister Cloth: 10 |Fire Drgn HvyScl: 2
