,Hunter's Dagger,300z,84,,8.2.5 8.2.9.1,0%,---,1,SnS
Create,Iron Ore: 1 |Disk Stone: 1
R,Hunter's Dagger+,510z,112,,8.2.9.1 8.2.9.6,0%,---,1,SnS
Create,Normal Ticket: 1
Improve,Iron Ore: 3
LR,Assassin's Dagger,840z,140,,8.2.9.6 8.2.9.11,0%,---,1,SnS
Improve,Machalite Ore: 1 |Iron Ore: 3 |Earth Crystal: 3
LLR,Velocidrome Bite,1290z,168,,12.1.3.7 12.1.3.12,0%,O--,2,SnS
Create,Velocidrome Claw: 6 |Velocidrome Head: 1 |Med Monster Bone: 4 |Conga Pelt: 6
Improve,Velocidrome Claw: 4 |Velocidrome Hide: 2 |Machalite Ore: 3
LLLR,Velocidrome Bite+,3360z,252,,12.1.3.12 12.1.3.15.2,0%,O--,3,SnS
Create,Plus Class Tcket: 1 |Striped Skin: 1
Improve,Velocidrome Claw: 6 |Velocidrome Head: 2 |Striped Skin: 5
LLLLR,*Dos Fang Dagger,40000z,280,,13.1.3.16.2 13.1.3.16.6.1,0%,OO-,6,SnS
Improve,Velocidrome Clw+: 7 |Velociprey Hide+: 15 |WyvernStone: 1
LLLLE,Odyssey,25000z,266,,8.2.9.1 8.2.9.6,0%,---,6,SnS
Create,Carbalite Ore: 4 |Iron Ore: 40 |Disk Stone: 40
Shortcut,Plus Class Tcket: 1 |Carbalite Ore: 1
Improve,Carbalite Ore: 2 |Dragonite Ore: 5 |Machalite Ore: 10
LLLLSR,Odyssey+,35000z,266,Wat 300,2.5.17.5 2.5.17.5.5,0%,O--,6,SnS
Improve,Union Ore: 8 |Basarios Tears: 1 |Rathian Plate: 1
LLLLSLE,Odyssey Blade,55000z,280,Wat 350,8.2.9.13.3 8.2.9.13.6.2,0%,O--,7,SnS
Improve,Gravios BrainStm: 1 |Ceanataur Claw+: 1 |Rathian Ruby: 1
LLLLSLSR,*Master Odyssey,105000z,350,Wat 370,8.2.9.13.6.2 8.2.9.13.6.4.3,0%,O--,9,SnS
Improve,StrBasariosWing: 1 |Ceanataur Claw G: 3 |HvnlyRathianScl: 1
LLLLSLSR,Heavy Bang,75000z,308,,13.1.3.16.2 13.1.3.16.6.1,0%,OOO,9,SnS
Create,Eltalite Ore: 10 |Carbalite Ore: 20 |Machalite Ore: 30 |RobustWyvernBone: 10
Improve,Eltalite Ore: 5 |Union Ore: 10 |Carbalite Ore: 15
LLLLSLSLE,*Master Bang,100000z,378,,13.1.3.16.6.1 13.1.3.16.6.4.2,15%,OOO,9,SnS
Improve,Mellanje Ore: 8 |Eltalite Ore: 10 |PhantomButterfly: 5 |Monster Essence: 3
LLLLSLSE,Thunderblade Vajra,90000z,308,Thn 300,7.5.8.12.3 7.5.8.12.6.2,0%,OO-,9,SnS
Create,Lightning Sac: 4 |SpecRubberyHide+: 6 |Kirin Azure Horn: 3 |Kirin Hide+: 3
Improve,Lightning Sac: 2 |SpecRubberyHide+: 3 |Kirin Azure Horn: 1 |Kirin Hide: 5
LLLLSLSSE,*Thunderblade Vajra+,120000z,350,Thn 380,7.5.8.12.6.2 7.5.8.12.6.4.3,0%,OO-,10,SnS
Improve,SpecialKirinHide: 3 |KhezuChoiceSteak: 1 |HardGypcerosHead: 1 |Purecrystal: 2
LLLLSR,Serpent Bite,30000z,280,,13.1.3.8 13.1.3.13,0%,OO-,6,SnS
Improve,Velociprey Hide+: 10 |Velociprey Fang: 30 |Velocidrome Head: 5
LLLLSLE,*Serpent Bite+,40000z,294,,13.1.3.13 13.1.3.16.2,0%,OOO,7,SnS
Improve,Union Ore: 10 |Velocidrome Clw+: 5 |Velociprey Scle+: 10
LLLLSR,Hurricane,30000z,280,,7.5.5.8 7.5.5.13,0%,OO-,6,DS
Improve,Carbalite Ore: 5 |Disk Stone: 50 |Earth Crystal: 30
Create,Plus Class Tcket: 1 |Carbalite Ore: 1
LLLLSLE,Cyclone,50000z,308,,7.5.5.13 7.5.5.16.2,0%,OO-,7,DS
Improve,Union Ore: 5 |Iron Ore: 50 |Machalite Ore: 30
LLLLSLSE,Tornado Tomahawks,75000z,322,,12.5.5.10.8 12.5.5.10.8.3.2,0%,---,9,DS
Improve,Eltalite Ore: 5 |Union Ore: 10 |RobustWyvernBone: 8
Create,Eltalite Ore: 8 |Carbalite Ore: 15 |Antiseptic Stone: 20 |Monster Essence: 5
LLLLSLSSR,*Typhoon,100000z,378,,7.3.8.13.5.4 7.3.8.13.5.6.3,0%,OO-,9,DS
Improve,Mellanje Ore: 5 |Eltalite Ore: 10 |Purecrystal: 2
LLLLSLSSE,Firestorm,95000z,322,Wat 300 Fir 300,7.3.8.13.4 7.3.8.13.5.4,0%,---,9,DS
Improve,SpecLavasioFin+: 1 |SpecPlesiothFin+: 1 |ThckLavasiothScl: 3 |ThckPlesiothScl: 3
Create,SpecLavasioFin+: 3 |SpecPlesiothFin+: 3 |Hvy Monster Bone: 8 |HvyPiscineFang: 6
LLLLSLSSSE,*Volcanic Storm,115000z,364,Wat 350 Fir 350,7.3.8.13.5.4 7.3.8.13.5.6.3,0%,---,10,DS
Improve,SpecLavasioFin+: 4 |SpecPlesiothFin+: 4 |YamaTsukamiFluid: 3 |Lg WyvernStone: 2
LLLLSE,Prototype Saw-Slicer,35000z,252,Thn 100,9.1.3.7 9.1.3.12,0%,---,6,DS
Improve,Carbalite Ore: 15 |Kirin Horn: 2 |Rubbery Hide: 10
Create,Carbalite Ore: 25 |Kirin Horn: 4 |Kirin Hide: 5 |Electro Sac: 10
LLLLSSE,Sanctioned Blades,50000z,280,Thn 120,9.1.3.12 9.1.3.17,0%,O--,7,DS
Improve,Kirin Horn: 6 |Thunder Sac: 5 |Rubbery Hide+: 6
LLLLSSSE,Improved Power Saws,60000z,294,Thn 160,9.1.3.17 9.1.3.17.5,0%,O--,8,DS
Improve,Kirin Azure Horn: 4 |Thunder Sac: 10 |Rajang Claw: 2
LLLLSSSSE,*Divine Power Saws,100000z,364,Thn 220,7.5.5.16.5.2 7.5.5.16.5.5.2,0%,O--,9,DS
Improve,Mellanje Ore: 8 |Lightning Sac: 5 |SpecRubberyHide+: 6 |HvyBasariosShell: 3
LLLR,Raven Blade,10000z,210,,20.1.3.6 20.1.3.10.1,20%,O--,3,SnS
Create,Garuga Tail: 1 |Garuga Wing: 2 |Garuga Scale: 3 |Med Monster Bone: 3
Improve,Garuga Ear: 2 |Garuga Wing: 1 |Garuga Scale: 5
LLLLE,Wolf Blade,65000z,252,,10.9.8.3.4.1 10.9.8.3.4.6,35%,O--,7,SnS
Improve,Long Garuga Ear: 2 |Garuga Wing: 4 |Garuga Scale+: 5
LLLLSE,Crow Blade,105000z,364,,10.9.8.3.4.6 10.9.8.3.4.7.4,35%,OO-,9,SnS
Improve,Long Garuga Ear: 4 |Str Garuga Wing: 2 |Rejuvenated Beak: 1 |Hvy Garuga Shell: 7
LLLE,Velociprey Claws,(same below),71
LLR,Thunderbane,1860z,168,Thn 170,7.5.8.4 7.5.8.9,0%,O--,3,SnS
Improve,Rubbery Hide: 4 |Lg Monster Bone: 3 |Electro Sac: 2
LLLE,Frightbane,2550z,196,Thn 190,7.5.8.9 7.5.8.11.3,0%,O--,4,SnS
Improve,Rubbery Hide: 6 |Eldr Dragon Bone: 2 |Electro Sac: 4 |Dragonite Ore: 3
LLLSE,*Kirin Bolt Indora,3810z,224,Thn 220,8.2.9.11 8.2.9.12.4,0%,OO-,5,SnS
Improve,Pur Rubbery Hide: 8 |Monster Bone+: 3 |Pale Bone: 1
LLR,Poison Battleaxe,2190z,182,Poi 240,5.3.12.4 5.3.12.8,0%,---,3,SnS
Improve,Rubbery Hide: 4 |Med Monster Bone: 3 |Poison Sac: 4
LLLE,Upper Battleaxe,3810z,224,Poi 300,5.3.12.8 5.3.12.11.2,0%,---,4,SnS
Improve,Pur Rubbery Hide: 5 |Monster Bone+: 3 |Gypceros Head: 1
LLLSR,*Deadly Battleaxe,60000z,266,Poi 350,5.3.12.11.2 5.3.12.11.6.1,0%,---,6,SnS
Improve,Pur Gypceros Wng: 7 |Gypceros Head: 3 |Toxin Sac: 6
LLLSE,Dual Battleaxe,70000z,252,Poi 100,7.3.8.13.4 7.3.8.13.5.4,0%,O--,6,DS
Improve,Rubbery Hide+: 4 |Toxin Sac: 4 |Monster Bone+: 4
Create,Rubbery Hide+: 8 |Hrd Monster Bone: 6 |Toxin Sac: 6 |Gypceros Head: 2
LLLSSE,Dual Battleaxe+,90000z,322,Poi 140,7.3.8.13.4 7.3.8.13.5.4,0%,O--,9,DS
Improve,SpecRubberyHide+: 4 |DeadlyPoisonSac: 4 |Hvy Monster Bone: 4
LLLSSSE,*Final Battleaxe,110000z,378,Poi 160,7.3.8.13.5.4 7.3.8.13.5.6.3,0%,O--,10,DS
Improve,SpecRubberyHide+: 6 |HardGypcerosHead: 1 |GoldRathianThorn: 1
LLE,Kitchen Knife,510z,112,,13.1.1 13.1.3.3,10%,---,2,SnS
Create,FlynMealPassReg: 2 |Iron Ore: 3 |Antiseptic Stone: 1
Improve,FlynMealPassReg: 1 |Iron Ore: 2
LLSE,Iron Chefblade,7500z,168,,13.1.3.3 13.1.3.8,10%,---,4,SnS
Improve,FlynMealPassReg: 3 |Dragonite Ore: 3 |Pokke Ticket: 1
LLSSE,*Millennium Knife,45000z,182,,8.2.8.12.5 8.2.8.12.7.2,15%,---,6,SnS
Improve,FlynMealPassPlus: 3 |FlynMealPassReg: 5 |Novacrystal: 2
LR,Frost Edge,840z,98,Ice 240,7.5.9.4 7.5.9.9,0%,---,2,SnS
Create,Ice Crystal: 8 |Iron Ore: 8 |Giaprey Scale: 5 |Knife Mackerel: 3
Improve,Ice Crystal: 5 |Machalite Ore: 2 |Blango Pelt: 3
LLE,Frost Edge+,2550z,182,Ice 280,5.3.13.9 5.3.13.12.2,0%,O--,4,SnS
Improve,Ice Crystal: 15 |Blangonga Fang: 2 |Wht Monoblos Shl: 2
LLSR,Hi Frost Edge,50000z,252,Ice 420,13.1.3.16.2 13.1.3.16.6.1,0%,OO-,6,SnS
Improve,Ice Crystal: 20 |Blangonga Fang+: 2 |Blango Pelt+: 10
LLSLE,*Ice Fang,85000z,322,Ice 500,13.1.3.16.6.1 13.1.3.16.6.4.2,0%,OO-,9,SnS
Improve,Ice Crystal: 20 |Eltalite Ore: 10 |HvyBlangongaFang: 2 |DaoraDragonScal+: 4
LLSE,Freezing Daggers,3400z,196,Ice 320,7.3.8.2 7.3.8.7,0%,O--,4,DS
Improve,Ice Crystal: 10 |Blangonga Whiskr: 2 |Machalite Ore: 2
Create,DaoraDragonScale: 2 |Ice Crystal: 20 |Iron Ore: 10 |Earth Crystal: 5
LLSSE,Icicle Daggers,55000z,252,Ice 350,7.3.8.12 7.3.8.13.4,0%,OO-,6,DS
Improve,Ice Crystal: 20 |Carbalite Ore: 4 |Stout Bone: 3
LLSSSE,*Frozen Death,90000z,364,Ice 370,7.3.8.13.4 7.3.8.13.5.4,0%,OO-,9,DS
Improve,Mellanje Ore: 5 |Blagonga Tail G: 2 |HrdBlangongaPlt+: 6 |DaoraDragonScal+: 5
LE,Twin Dagger,680z,112,,9.1.3.2 9.1.3.7,0%,---,1,DS
Improve,Machalite Ore: 1 |Disk Stone: 1
Create,Machalite Ore: 2 |Iron Ore: 5 |Earth Crystal: 2
Shortcut,Hard Ticket: 1 |Disk Stone:
LSE,Twin Dagger+,1120z,140,,7.5.5.3 7.5.5.8,0%,---,2,DS
Improve,Machalite Ore: 2 |Iron Ore: 6 |Earth Crystal: 4
LSSR,Dual Tomahawk,1720z,168,,15.3.9.3 15.3.9.8.1,0%,---,3,DS
Improve,Machalite Ore: 8 |Disk Stone: 8 |Antiseptic Stone: 2
LSSLR,*Dual Tomahawk+,3400z,252,,3.7.15 3.7.15.5,0%,---,4,DS
Improve,Dragonite Ore: 8 |Machalite Ore: 12 |Disk Stone: 20
LSSLE,Order Rapier,2480z,182,Wat 140,12.5.5.3 12.5.5.8,0%,---,3,DS
Improve,Lightcrystal: 2 |Earth Crystal: 8 |Killer Beetle: 6
Create,Lightcrystal: 4 |Black Pearl: 5 |Machalite Ore: 8 |Small Goldenfish: 10
LSSLSE,Holy Saber,3400z,196,Wat 190,12.5.5.8 12.5.5.10.3,0%,O--,4,DS
Improve,Lightcrystal: 8 |Dragonite Ore: 10 |Hercudrome: 6
LSSLSSR,Guild Knight Sabers,70000z,266,Wat 230,12.5.5.10.3 12.5.5.10.8,0%,OO-,7,DS
Improve,Novacrystal: 5 |Union Ore: 10 |Rare Scarab: 10
LSSLSSLE,Master Sabers,95000z,308,Wat 250,15.3.9.7.4.2 15.3.9.7.4.5.2,0%,OO-,9,DS
Improve,Purecrystal: 2 |Eltalite Ore: 10 |Emperor Cricket: 10
LSSLSSLSE,*Holy Guild Knight,110000z,364,Wat 280,7.3.8.13.5.4 7.3.8.13.5.6.3,0%,OO-,10,DS
Improve,Purecrystal: 5 |Mellanje Ore: 10 |HrdCeanataurClaw: 2 |Giant Blk Pearl: 5
LSSLSSE,Ninja Sword,15000z,224,,1.2.3.9 1.2.3.14,25%,---,5,SnS
Create,Daora Webbing: 4 |Chameleos Webbing: 4 |Fire Drgn Webbng: 4 |Remobra Skin: 10
Improve,Daora Horn: 3 |Chameleos Horn: 3 |Lunastra Horn: 3
LSSLSSSE,*Hi Ninja Sword,75000z,280,,1.2.3.14 1.2.3.19,30%,---,8,SnS
Improve,Lao-Shan's Horn: 3 |Teostra Horn: 3 |Pokke Ticket+: 1
LSSR,Insector,2480z,140,,9.1.3.17 9.1.3.17.5,0%,---,3,DS
Improve,Vespoid Wing: 10 |Hornetaur Shell: 10 |Monster Fluid: 5
LSSLE,Insector+,2920z,182,,7.5.5.16.2 7.5.5.16.5.2,0%,---,4,DS
Improve,Vespoid Shell: 15 |Hornetaur Head: 3 |Hercudrome: 3
LSSLSE,Insect Slicer,55000z,224,,7.5.5.16.5.2 7.5.5.16.5.5.2,0%,O--,6,DS
Improve,Vespoid InnrWng: 8 |HornetaurInnrWng: 8 |King Scarab: 10
LSSLSSE,Alated Insect,80000z,294,,7.3.8.13.5.6.3 7.3.8.13.5.6.3,0%,OO-,9,DS
Improve,Hornet Razorwing: 5 |Vspoid Razorwing: 5 |Emperor Cricket: 10
LSSLSSSE,*Insect Lord,105000z,350,,9.1.3.17.5.6.4 9.1.3.17.5.6.4,0%,OOO,9,DS
Improve,Hornet Razorwing: 8 |Vspoid Razorwing: 8 |PhantomButterfly: 12 |VespoidQn'sCrown: 3
LSSE,Glutton's Set,1400z,154,,9.1.3.7 9.1.3.12,0%,---,2,DS
Improve,FlynMealPassPlus: 1 |Machalite Ore: 2 |Sm Monster Bone: 2
Create,FlynMealPassReg: 2 |Iron Ore: 10 |Brute Bone: 4
LSSSR,*Chereau's Tool,50000z,196,,7.3.8.13.4 7.3.8.13.5.4,15%,OO-,6,DS
Improve,FlynMealPassPlus: 10 |Union Ore: 10 |Basarios Tears: 2
LSSSE,*Spatula Set,25000z,196,Def+10,15.3.9.3 15.3.9.7.1,0%,OOO,4,DS
Improve,FlynMealPassReg: 10 |Dragonite Ore: 10 |Basarios Wing: 2
R,Giaprey Claws,880z,98,Ice 140,3.7.10 3.7.15,0%,---,2,DS
Improve,Giaprey Scale: 2 |Giaprey Hide: 2
Create,Giaprey Scale: 3 |Giaprey Hide: 3 |Sm Monster Bone: 2
Shortcut,Plus Class Tcket: 1 |Giaprey Hide: 1
LE,Giaprey Claws+,1720z,140,Ice 240,7.3.8.2 7.3.8.7,0%,---,2,DS
Improve,Giadrome Claw: 6 |Giadrome Hide: 4 |Ice Crystal: 6
LSR,*White Death,40000z,266,Ice 300,7.3.8.12 7.3.8.13.4,0%,---,6,DS
Improve,Giadrome Claw+: 6 |Giadrome Skull: 2 |Blangonga Fang+: 2
LSR,Velociprey Claws,2480z,196,,7.3.8.7 7.3.8.12,0%,O--,3,DS
Improve,Velocidrome Claw: 6 |Velocidrome Head: 1 |Pale Extract: 2
LSLE,Velociprey Claws+,4480z,252,,12.5.5.8 12.5.5.10.3,0%,O--,4,DS
Improve,Tigrex Claw: 4 |Velocidrome Hide: 6 |Pale Bone: 2
Create,Plus Class Tcket: 1 |Tigrex Claw: 1
LSLSE,*Hi Velociprey Claws,40000z,280,,12.5.5.10.3 12.5.5.10.8,0%,OOO,6,DS
Improve,Velocidrome Clw+: 6 |Velociprey Scle+: 8 |Velocidrome Head: 4
LSE,Snow Venom,5080z,168,Ice 120 Poi 80,7.3.8.7 7.3.8.12,0%,---,4,DS
Improve,Iodrome Hide: 2 |Ioprey Fang: 8 |Giaprey Hide: 4
Create,Iodrome Hide: 4 |Giadrome Hide: 4 |Giadrome Claw: 6 |Poison Sac: 4
LSSE,Snow Venom+,45000z,266,Ice 160 Poi 200,12.5.5.10.3 12.5.5.10.8,0%,O--,6,DS
Improve,Giaprey Hide+: 8 |Ioprey Hide+: 8 |Giadrome Skull: 1 |Iodrome Skull: 1
LSSSE,*Glacial Medusa,85000z,308,Ice 200 Poi 220,15.3.9.7.4.2 15.3.9.7.4.5.2,0%,OO-,9,DS
Improve,RobustWyvernBone: 6 |Giadrome Claw+: 4 |Ioprey Scale+: 3 |Toxin Sac: 2
E,Snake Bite,660z,126,,5.3.12 5.3.12.4,0%,---,2,SnS
Create,Giaprey Scale: 4 |Giaprey Hide: 4 |Sharp Claw: 2
Shortcut,Plus Class Tcket: 1 |Giaprey Scale: 1
Improve,Giaprey Hide: 3 |Sharp Claw: 1 |Sm Monster Bone: 1
SE,Snake Bite+,1050z,154,,5.3.13.4 5.3.13.9,0%,---,2,SnS
Improve,Giadrome Hide: 1 |Giadrome Claw: 4 |Carpenterbug: 4
SSR,Viper Bite,1290z,140,Par 220,8.2.9.6 8.2.9.11,0%,---,2,SnS
Improve,Genprey Hide: 5 |Genprey Fang: 15 |Sm Monster Bone: 3
SSLE,*Deathprize,3360z,210,Par 260,8.2.9.11 8.2.9.12.4,0%,OO-,4,SnS
Improve,Gendrome Hide: 3 |Paralysis Sac: 5 |Thunderbug Juice: 2 |Dragonite Ore: 2
SSE,Hydra Bite,1290z,126,Poi 280,13.1.3.3 13.1.3.8,0%,---,3,SnS
Create,Iodrome Hide: 3 |Ioprey Scale: 7 |Poison Sac: 4 |Sm Monster Bone: 4
Improve,Ioprey Hide: 5 |Ioprey Fang: 15 |Brute Bone: 3
SSSE,Deadly Poison,2550z,168,Poi 360,13.1.3.8 13.1.3.13,0%,O--,4,SnS
Improve,Dragonite Ore: 5 |Iodrome Hide: 5 |Iodrome Skull: 1
SSSSR,Princess Rapier,4290z,196,Poi 370,8.2.9.11 8.2.9.12.4,5%,O--,5,SnS
Improve,Rathian Spike: 1 |Rathian Scale: 4 |Poison Sac: 5
SSSSLE,Princess Rapier+,50000z,238,Poi 400,20.1.3.10.1 20.1.3.10.5.1,10%,OO-,6,SnS
Improve,Rathian Spike+: 1 |Rathian Scale+: 5 |Rathian Plate: 1
SSSSLSE,Queen Rapier,70000z,252,Poi 420,8.2.8.12.5 8.2.8.12.7.2,10%,OO-,7,SnS
Improve,Rathian Carapace: 5 |Rathian Ruby: 1 |Chameleos Spike: 2
SSSSLSSE,Queen's Rose,95000z,322,Poi 440,19.1.3.11.5.1 19.1.3.11.5.4.2,15%,O--,9,SnS
Create,Rathian Thorn: 2 |HvyPnkRathianShl: 6 |DeadlyPoisonSac: 5 |Rathian Ruby: 1
Improve,Rathian Thorn: 1 |ThckPnkRathnScl: 5 |DeadlyPoisonSac: 3
SSSSLSSSE,*Royal Rose,120000z,350,Poi 450,8.2.9.12.7.2 8.2.9.12.7.4.3,15%,O--,10,SnS
Improve,GoldRathianThorn: 1 |HvyPnkRathianShl: 5 |ThckRathianScl: 8
SSSSE,Rouge Flames,10000z,210,Poi 140,8.13.6.3 8.13.6.4.3.1,0%,OO-,5,DS
Improve,Chameleos Claw: 4 |Chameleos Tail: 2 |Chameleos Hide: 6
SSSSSE,Dual Chameleos,90000z,238,Poi 190,15.3.9.7.1 15.3.9.7.4.2,0%,OO-,8,DS
Improve,Chameleos Spike: 2 |Chameleos Hide+: 6 |Chameleos Jewel: 1
SSSSSSE,*ChameleosDualBlades,130000z,350,Poi 230,15.3.9.7.4.2 15.3.9.7.4.5.2,0%,OO-,10,DS
Improve,LthrChameleoTail: 2 |HrdChameleosHorn: 2 |SpecChameleHide+: 4 |BigEDragonJewel: 1
,Bone Kris,390z,98,,5.3.7 5.3.12,0%,---,1,SnS
Create,Sm Monster Bone: 2
E,Bone Kris+,510z,112,,5.3.12 5.3.13.4,0%,---,1,SnS
Improve,Sm Monster Bone: 1 |Brute Bone: 1
SR,Chief Kris,840z,140,,5.3.13.4 5.3.13.9,0%,---,1,SnS
Create,Hard Ticket: 1|Sm Monster Bone:1
Improve,Med Monster Bone: 1 |Sm Monster Bone: 2 |Sm Bone Husk: 5
SLR,Crimson club,1860z,196,,8.2.9.1 8.2.9.6,5%,---,2,SnS
Create,Blood Red Horn: 1 |Hermitaur Shell: 3 |Piscine Fang: 3 |Med Monster Bone: 2
Improve,Blood Red Horn: 1 |Lg Monster Bone: 2 |Mega Demondrug: 1
SLLE,Monoblos Club,2949z,224,,7.5.9.4 7.5.9.9,10%,---,3,SnS
Improve,Blood Red Horn: 2 |Monoblos Spine: 2 |Diablos Shell: 3
SLLSR,Studded Club,3360z,238,,5.3.13.4 5.3.13.9,10%,O--,4,SnS
Improve,Twisted Horn: 1 |WyvernFang: 10 |Diablos Shell: 5
SLLSLR,Spiked Bat,4290z,266,,2.5.18.5 2.5.18.5.5,10%,O--,5,SnS
Improve,Majestic Horn: 1 |Blos Fang: 10 |Diablos Spine: 7
SLLSLLE,Cursed Spirit,70000z,322,,2.5.18.5 2.5.18.5.5,15%,OO-,7,SnS
Improve,TwstBlkBlosHrn: 3 |Blk Blos Thracic: 3 |Black Blos Cpc: 4
SLLSLLSE,Black Curse,115000z,420,,2.5.18.5.5 2.5.18.5.7.3,20%,OO-,10,SnS
Improve,StoutBlkTwstdHrn: 2 |Blk Blos HvySpne: 3 |HvyBlkBlosShell: 4
SLLSLR,Dual Diablo,30000z,266,Def+10,12.5.5.3 12.5.5.8,-5%,O--,5,DS
Improve,Twisted Horn: 2 |Monoblos Spine: 6 |Diablos Spine: 6
SLLSLLE,Dual Diablo+,70000z,336,Def+12,8.13.6.3 8.13.6.4.3.1,-5%,OO-,7,DS
Improve,Majestic Horn: 2 |Monoblos Heart: 1 |Diablos Thoracic: 7
SLLSLLSE,Blos Doppelganger,100000z,406,Def+15,3.7.15.7.3 3.7.15.7.5.3,-5%,O--,9,DS
Improve,LthrBlkBlosTail: 2 |WhtMonoblosThora: 4 |Blk Blos HvySpne: 4
SLLSLLSSE,*Grand Blos,115000z,434,Def+15,8.13.6.4.3.1 8.13.6.4.3.6,-5%,OO-,10,DS
Improve,StoutBlkTwstdHrn: 2 |Top-GrdPlatHorn: 2 |HvyBlkBlosShell: 4 |Lg WyvernStone: 1
SLLSLE,Osteon Pick,25000z,280,,5.3.13.4 5.3.13.9,0%,---,6,SnS
Create,Hrd Monster Bone: 4 |Lg Monster Bone: 12 |Brute Bone: 30
Shortcut,Plus Class Tcket: 1 |Hard Monster Bone: 1
Improve,Hrd Monster Bone: 2 |Monster Bone+: 4 |Sm Bone Husk: 50
SLLSLSR,Osteon Pick+,35000z,294,Def+10,5.3.13.9 5.3.13.12.2,0%,OO-,6,SnS
Improve,Stout Bone: 4 |Rare Scarab: 10 |Eldr Dragon Bone: 2
SLLSLSLR,Melting Wail,45000z,252,Fir 150 Poi 150 Def+8,7.5.5.8 7.5.5.13,0%,O--,6,DS
Improve,Gravios Skl Shl: 4 |Blk Gravios Skl: 4 |Toxin Sac: 4
SLLSLSLLE,Melting Wail+,60000z,280,Fir 180 Poi 180 Def+8,7.5.5.13 7.5.5.16.2,0%,OO-,7,DS
Improve,Gravios Carapace: 6 |Blk Gravios Cpc: 6 |WyvernStone: 2
SLLSLSLLSE,*Melting Blazer,115000z,378,Fir 200 Poi 200 Def+8,7.5.5.16.5.2 7.5.5.16.5.5.2,0%,OO-,10,DS
Improve,HvyGraviosShell: 4 |HvyBlkGraviosShl: 4 |HvnlyGraviosShl: 1 |HvnlyBlkGraviShl: 1
SLLSLSLR,Rajang Club,80000z,294,Thn 100,20.1.3.6 20.1.3.10.1,-30%,O--,7,SnS
Improve,Rajang Horn: 1 |Blk Rajang Pelt: 5 |Carbalite Ore: 8
Create,Rajang Horn: 2 |Rajang Claw: 2 |Blk Rajang Pelt: 4 |Commendation: 4
SLLSLSLLE,Taboo Rajang Club,90000z,308,Thn 200,20.1.3.10.1 20.1.3.10.5.1,-20%,O--,8,SnS
Improve,Rajang Fang: 4 |Gold Rajang Pelt: 1 |Union Ore: 10
SLLSLSLLSE,ForbiddenRajangClub,130000z,392,Thn 250,20.1.3.10.5.1 20.1.3.10.5.4.2,-10%,O--,10,SnS
Improve,Hard Rajang Horn: 2 |Blk Rajang Pelt+: 5 |GoldRajangPelt+: 1 |Eltalite Ore: 10
SLLSLSLE,Binding Blade,75000z,322,,5.3.13.12.2 5.3.13.12.6.1,0%,---,9,SnS
Create,Eltalite Ore: 8 |RobustWyvernBone: 4 |Monster Essence: 2 |Carbalite Ore: 15
Improve,Eltalite Ore: 5 |RobustWyvernBone: 3 |Eldr Dragon Bone: 5
SLLSLSLSE,Binding Blade+,100000z,378,,5.3.13.12.6.1 5.3.13.12.6.4.2,0%,O--,9,SnS
Improve,Eltalite Ore: 10 |Lg Pelagus Fang: 2 |HvyC.BlangoFang: 2
SLLSLSLSSE,Great Kris,110000z,434,,2.5.18.5.7.3 2.5.18.5.7.4.4,-15%,O--,10,SnS
Improve,Yamatsukami Fluid: 2 |Eltalite Ore: 30 |Hvy Tigrex Fang: 2 |Commendation S: 1
SLLSLSE,Feather Knife,50000z,266,Slp 150 Def+5,5.3.13.9 5.3.13.12.2,0%,O--,6,SnS
Create,OrangeHypnoPelt: 5 |Top-GrdHypnoClaw: 6 |Sleep Sac: 4 |Novacrystal: 1
Improve,OrangeHypnoPelt: 3 |Carbalite Ore: 4 |Velocidrome Clw+: 5 |Sleep Sac: 2
SLLSLSSE,Feather Sword,80000z,280,Slp 200 Def+7,5.3.13.12.2 5.3.13.12.6.1,0%,OO-,9,SnS
Create,OrangeHypnoPelt+: 5 |Eltalite Ore: 10 |Hypno Bezoar+: 1 |ConglalaStrngFn: 2
Improve,OrangeHypnoPelt+: 3 |Hypno Claw+: 2 |Hypno Bezoar: 1 |HrdCongalalaPlt+: 3
SLLSLSSSE,*Hi Feather Sword,105000z,308,Slp 250 Def+9,5.3.13.12.6.1 5.3.13.12.6.4.2,0%,OO-,9,SnS
Improve,Hypno Claw+: 5 |Hypno Bezoar+: 1 |Coma Sac: 3 |Purecrystal: 2
SLLSE,Kirin Bolt,1869z,168,Thn 230 Def+2,5.3.12 5.3.13.4,0%,---,4,SnS
Create,Kirin Horn: 1 |Kirin Mane: 5 |WyvernFang: 8 |Rubbery Hide: 4
Improve,Kirin Horn: 1 |Kirin Mane: 3 |Pur Rubbery Hide: 2
SLLSSE,Kirin Bolt+,3360z,196,Thn 280 Def+6,5.3.13.4 5.3.13.9,0%,---,5,SnS
Improve,Kirin Horn: 2 |Kirin Mane: 6 |Dragonite Ore: 4
SLLSSSR,Kirin Bolt Ultimus,50000z,224,Thn 340 Def+10,5.3.13.9 5.3.13.12.2,0%,O--,7,SnS
Improve,Kirin Thndr Tail: 2 |Pur Gypceros Wng: 3 |Novacrystal: 3
SLLSSSLE,*Thor's Dagger,60000z,238,Thn 390 Def+16,5.3.13.12.2 5.3.13.12.6.1,0%,OO-,8,SnS
Improve,Kirin Azure Horn: 3 |Kirin Hide+: 4 |Kirin Thndr Tail: 5
SLLSSSE,Kirin Bolts,5080z,210,Thn 250 Def+12,3.7.15.5 3.7.15.7.3,0%,O--,5,DS
Improve,Kirin Horn: 4 |Kirin Thndr Tail: 2 |Kirin Hide: 2
SLLSSSSE,Festive Fall Typhoon,75000z,238,Thn 180 Par 100 Def+12,3.7.15.7.3 3.7.15.7.5.3,0%,O--,8,DS
Improve,Kirin Azure Horn: 1 |Dragonwood+: 3 |Dragonmoss+: 3
Create,Kirin Azure Horn: 3 |Dragonwood+: 5 |Carbalite Ore: 10 |Commendation G: 2
SLLSSSSSE,*FestiveRustlingRain,135000z,350,Thn 200 Par 120 Def+12,3.7.15.7.5.3 3.7.15.7.5.6.2,0%,O--,10,DS
Improve,AncientDrgnwood: 3 |YamaTsukamiHide: 2 |LthrKirinThndrTl: 2 |Platinum Mane: 3
SLR,Weary Finsword,1860z,168,Slp 180,13.1.3.3 13.1.3.8,0%,O--,3,SnS
Improve,Plesioth Fin: 2|Cephalos Fin:2|Sleep Herb:10
SLLE,Sandman Finsword,2550z,182,Slp 230,13.1.3.8 13.1.3.13,0%,O--,4,SnS
Improve,Plesioth Fin: 5|Dragonite Ore:5|Sleepyfish:10
SLLSE,Sandman Spike,3360z,210,Slp 260,7.5.9.9 7.5.9.11.3,0%,O--,5,SnS
Improve,Grn Plesioth Fin: 5 |Plesioth Fin: 5 |Sleep Sac: 5
SLLSSE,*High Sandman Spike,55000z,252,Slp 320,7.5.9.9 7.5.9.11.3,0%,OO-,7,SnS
Improve,Grn Plesioth Fin+: 4 |Plesioth Fin+: 4 |Coral Cphlos Fin: 3
SLE,Red Saber,1560z,154,Fir 150,7.5.9.4 7.5.9.9,0%,---,3,SnS
Create,FireWyvernFluid: 4 |Flame Sac: 2 |WyvernFang: 2 |Sm Monster Bone: 10
Improve,FireWyvernFluid: 2 |Med Monster Bone: 2 |Flame Sac: 1
SLSR,Djinn,3360z,210,Fir 310,8.2.9.6 8.2.9.11,0%,---,4,SnS
Improve,Rathalos Shell: 5 |Rathalos Scale: 3 |FireWyvrn Marrow: 1
SLSLE,*Blazing Falchion,7500z,238,Fir 380,7.5.9.9 7.5.9.11.3,0%,OO-,5,SnS
Improve,Rathalos Shell: 10 |Rathalos Webbing: 10 |Fire Dragon Scl: 6
SLSR,Corona,20000z,196,Fir 440,7.5.9.9 7.5.9.11.3,0%,O--,5,SnS
Improve,Rathalos Scale: 8 |Flame Sac: 10 |Rathalos Plate: 1
SLSLE,Golden Falchion,75000z,252,Fir 480,20.1.3.10.1 20.1.3.10.5.1,0%,OO-,8,SnS
Improve,Gld Rathian Scl+: 10 |Gld Rathian Cpc: 8 |Rathian Ruby: 1
SLSLSE,Golden Falchion+,105000z,308,Fir 500,20.1.3.10.5.1 20.1.3.10.5.4.2,0%,OO-,9,SnS
Improve,ThckRathianScl: 8 |Gld Rathian Cpc: 8 |Rathian Thorn: 1 |Blazing Fire Sac: 3
SLSLSSE,*Golden Eclipse,125000z,336,Fir 520,7.5.9.11.6.2 7.5.9.11.6.4.3,0%,OO-,10,SnS
Improve,ThckGldRathnScl: 7 |HvyGldRathianShl: 5 |GoldRathianThorn: 2
SLSR,Twin Flames,3920z,210,Fir 180,15.3.7 15.3.9.3,0%,O--,4,DS
Improve,Rathalos Scale: 6 |Rathian Scale: 6 |FireWyvrn Marrow: 2
SLSLE,Hi Twin Flames,5720z,238,Fir 210,15.3.9.3 15.3.9.7.1,0%,O--,5,DS
Improve,Rathalos Wing: 3 |Rathian Spike: 3 |Rathalos Tail: 5
SLSLSE,Gradios Ultimus,75000z,252,Fir 350,9.8.8.5 9.8.8.7.3,0%,O--,7,DS
Improve,Rathalos Scale+: 8 |Rathian Scale+: 8 |FireWyvrn BrnStm: 2
SLSLSSE,Corpse Blades,85000z,266,Fir 390,15.3.9.7.1 15.3.9.7.4.2,0%,O--,8,DS
Improve,Slvr Rthlos Scl+: 6 |Gld Rathian Scl+: 6 |Rathalos Ruby: 1
SLSLSSSE,*Punishment Blades,125000z,350,Fir 400,15.3.9.7.4.2 15.3.9.7.4.5.2,0%,O--,10,DS
Improve,ThckSlvrRthlsScl: 5 |ThckGldRathnScl: 5 |HvnlyRathalosScl: 1 |HvnlyRathianScl: 1
SLSE,Flame Syphos,15000z,252,Fir 180,8.2.9.6 8.2.9.11,-15%,O--,5,SnS
Improve,Gravios Shell: 4 |Blk Gravios Shl: 4 |Firestone: 6
SLSSE,Black Doom Flame,70000z,308,Fir 280,8.2.9.12.4 8.2.9.12.7.2,-25%,OO-,7,SnS
Improve,Gravios Carapace: 6 |Blk Gravios Cpc: 6 |Gravios BrainStm: 2
SLSSSE,*Red Divine Flame,115000z,392,Fir 300,8.2.9.12.7.2 8.2.9.12.7.4.3,-15%,OO-,10,SnS
Improve,HvyGraviosShell: 6 |HvyBlkGraviosShl: 6 |Blazing Fire Sac: 8 |Gravios BrainStm: 4
SL,Bone Scythe,520z,98,,3.7.10 3.7.15,0%,O--,1,DS
Create,Brute Bone: 1 |Bone: 1 |Sharp Claw: 1
SEB,Bone Scythe+,880z,126,,3.7.15 3.7.15.5,0%,O--,2,DS
Improve,Sharp Claw: 2 |Sm Monster Bone: 2
SSSE,Chief Scythe,1400z,154,,7.3.8.2 7.3.8.7,0%,O--,2,DS
Improve,Med Monster Bone: 2 |Sm Husk Bone: 8 |Velocidrome Claw: 2
SSSSR,Bladed Edge,3400z,210,,9.1.3.12 9.1.3.17,0%,OO-,4,DS
Improve,Ceanataur Shell: 4 |Sharp Claw: 4 |Giant Bone: 2
Create,Ceanataur Claw: 2 |Ceanataur Shell: 4 |Sm Ceanataur Shl: 6 |Carpenterbug: 8
SSSSLE,Bladed Edge+,3920z,224,,7.5.5.13 7.5.5.16.2,0%,OO-,5,DS
Improve,Ceanataur Pincer: 4 |Ceanataur Claw: 4 |Monster Bone+: 4
SSSSLSR,Limb Cutter,50000z,266,,12.5.5.10.8 12.5.5.10.8.3.2,15%,OO-,7,DS
Improve,Ceanataur Claw+: 2 |Ceanataur Carpce: 4 |Ceanataur Leg: 8
SSSSLSLE,Carmine Edge,85000z,336,,7.5.5.16.5.5.2 7.5.5.16.5.5.2,15%,OO-,9,DS
Improve,TerraCeanatrClaw: 2 |TerraCeanatrShl: 4 |HvyCeanataurLeg: 3
Create,TerraCeanatrClaw: 2 |TerraCeanatrShl: 4 |Piercing Claw: 8 |Emperor Cricket: 10
SSSSLSLSE,*Red Rippers,115000z,364,,7.3.8.13.5.6.3 7.3.8.13.5.6.3,15%,OO-,10,DS
Improve,TerraCeanatrClaw: 4 |Hard Gaoren Claw: 2 |HrdCeanataurClaw: 4 |Giant Blk Pearl: 2
SSSSLSE,Dual Carapace,60000z,294,Wat 120 Def+8,5.3.13.12.2 5.3.13.12.6.1,0%,---,7,SnS
Create,Ceanataur Claw+: 3 |Hermitaur Claw+: 3 |Ceanataur Carpce: 5 |Hermitaur Carpce: 5
Improve,Ceanataur Claw+: 1 |Hermitaur Claw+: 1 |Hermitaur Carpce: 3 |Black Pearl: 3
SSSSLSSE,Dual Carapace+,85000z,308,Wat 200 Def+8,5.3.13.12.6.1 5.3.13.12.6.4.2,0%,---,9,SnS
Improve,Ceanataur Claw+: 3 |HrdHermitaurClaw: 2 |HvyHermitaurShl: 4
SSSSLSSSR,*Dual Scissors,110000z,378,Wat 250 Def+10,8.2.8.13.7.2 8.2.8.13.7.3.2,0%,---,10,SnS
Improve,HrdCeanataurClaw: 2 |HvyCeanataurShl: 4 |HvyHermitaurShl: 2 |Giant Blk Pearl: 3
SSSSLSSSE,Twin Shells,90000z,336,Def+20,20.1.3.10.5.4.2 20.1.3.10.5.4.2,0%,O--,9,SnS
Improve,TerraCeanatrClaw: 2 |PlumD.HermitrClw: 2 |TerraCeanatrShl: 4 |PlumD.HermitrShl: 4
SSSSLSSSSE,*Twin Shears,115000z,364,Def+30,7.5.8.12.6.4.3 7.5.8.12.6.4.3,0%,O--,10,SnS
Improve,TerraCeanatrClaw: 4 |PlumD.HermitrClw: 4 |Giant Blk Pearl: 3 |HvnlyGaorenShell: 1
SSSSR,Cutlass,2920z,168,Wat 150 Def+8,7.3.8.2 7.3.8.7,0%,O--,3,DS
Improve,Plesioth Scale: 4 |Cephalos Fin: 2 |Knife Mackerel: 4
SSSSLE,*Cutlass+,5080z,224,Wat 230 Def+13,7.3.8.7 7.3.8.12,0%,OO-,5,DS
Improve,Plesioth Fin: 6 |Cephalos Scale: 10 |Monster Bone+: 4
SSSSE,Twin Kut-Ku,1720z,154,Fir 100,3.7.10 3.7.15,0%,O--,2,DS
Improve,Unknown Skull: 2 |Kut-Ku Scale: 4 |Hot Drink: 4
Create,Kut-Ku Ear: 2 |Unknown Skull: 2 |Brute Bone: 6 |Giant Beak: 1
SSSSSR,Twin Kut-Ku+,3920z,224,Fir 100,3.7.15 3.7.15.5,0%,OO-,4,DS
Improve,Kut-Ku Ear: 4 |Blue Kut-Ku Scl: 4 |Monster Bone+: 2
SSSSSLE,*Dual Kut-Ku,45000z,280,Fir 150,12.5.5.8 12.5.5.10.3,0%,OO-,6,DS
Improve,Long Kut-Ku Ear: 6 |Conga Pelt+: 10 |Inferno Sac: 2
SSSSSR,Raven Tessen,10000z,196,,7.5.5.13 7.5.5.16.2,25%,O--,5,DS
Improve,Garuga Scale: 6 |Garuga Tail: 1 |Garuga Mane: 3
Create,Garuga Mane: 2 |Garuga Ear: 2 |Garuga Scale: 10 |Med Monster Bone: 4
SSSSSLE,Wolf Tessen,65000z,252,,9.1.3.17.5 9.1.3.17.5.5,30%,O--,7,DS
Improve,Garuga Wing: 4 |Garuga Scale+: 4 |Stout Bone: 4
SSSSSLSE,*Crow Tessen,105000z,364,,9.1.3.17.5.5 9.1.3.17.5.6.4,35%,OOO,9,DS
Improve,ThickGarugaScale: 4 |SilverGarugaPelt: 3 |Long Garuga Ear: 2 |Hvy Monster Bone: 4
SSSSSE,Pink Maracas,2080z,182,Def+10,7.5.5.3 7.5.5.8,0%,O--,3,DS
Improve,Conga Pelt: 10 |Congalala Claw: 2 |Congalala Fang: 4
SSSSSSE,Pink Maracas+,3920z,224,Def+12,3.7.15.5 3.7.15.7.3,0%,O--,4,DS
Improve,Congalala Pelt: 10 |Vibrant Pelt: 4 |Blangonga Whiskr: 4
SSSSSSSE,Funky Maracas,50000z,294,Def+14,3.7.15.7.3 3.7.15.7.5.3,0%,OO-,6,DS
Improve,Congalala Pelt+: 10 |Congalala Claw+: 2 |Blangonga Fang+: 2
SSSSSSSSE,Jungle Maracas,85000z,350,Def+10,8.13.6.4.3.1 8.13.6.4.3.6,0%,OO-,9,DS
Improve,E.CongalalaPelt+: 6 |HrdE.CongaClaw: 2 |Piercing Claw: 6
Create,E.CongalalaPelt+: 8 |Lg Pelagus Fang: 5 |Vibrant Comb: 1 |Massive Bone: 2
SSSSSSSSSE,*Evergreen,115000z,392,Def+12,3.7.15.7.5.3 3.7.15.7.5.6.2,0%,OO-,9,DS
Improve,E.CongalalaPelt+: 8 |Lg Pelagus Fang: 4 |Vibrant Comb: 2 |LeathrBlangoTail: 2
,Catspaw,1290z,112,Par 180,7.5.3 7.5.8,0%,---,8,SnS
Create,Pawprint Stamp: 2 |Barrel Lid: 1
R,*Catburglar,2550z,182,Par 300,13.1.3.3 13.1.3.8,0%,---,4,SnS
Improve,Barrel Lid: 3 |ShakalakaTreasre: 3 |FlynMealPassReg: 5
E,Melynx Tool,1290z,126,Par 340,5.3.13.4 5.3.13.9,0%,---,3,SnS
Improve,Pawprint Stamp: 3 |Felvine: 10 |FlynMealPassPlus: 1
SR,*Melynx Gadget,30000z,182,Par 380,5.3.13.4 5.3.13.9,0%,O--,6,SnS
Improve,FlynMealPassPlus: 5 |Gastronome Tuna: 5 |Felyne Fur Ruby: 1
SE,Shaka Poison Bite,2940z,168,Poi 400,10.9.6 10.9.8.3,0%,OO-,4,SnS
Create,ShakalakaTreasre: 6 |Poison Sac: 12 |Pawprint Stamp: 2 |Commendation: 1
Improve,ShakalakaTreasre: 4 |Poison Sac: 8 |Iron Ore: 10
SSE,Shakalaka Saber,40000z,210,Poi 450,10.9.8.3 10.9.8.3.4.1,0%,OO-,6,SnS
Improve,ShakaInheritance: 3 |ShakalakaTreasre: 8 |Toxin Sac: 5
SSSE,Hexed Shaka Hatchet,75000z,266,Poi 480,10.9.8.3.4.1 10.9.8.3.4.6,0%,OO-,9,SnS
Improve,ShakalakaTreasr+: 3 |DeadlyPoisonSac: 5 |Machalite Ore: 20 |Commendation G: 1
SSSSE,*Hexed Shaka Sword,95000z,280,Poi 500,20.1.3.10.5.1 20.1.3.10.5.4.2,0%,OOO,9,SnS
Improve,ShakalakaTreasr+: 5 |LethrGarugaTail: 2 |HardGypcerosHead: 1 |Remobra Skull: 2
,Rusted Sword,1000z,126,,15 20,0%,---,1,SnS
Create,Small Ruststone: 1
E,Tarnished Sword,2500z,140,,10.9.1 10.9.6,0%,---,1,SnS
Improve,Earth Crystal: 20
SR,*Eternal Strife,40000z,126,Drg 520,20.1.3.6 20.1.3.10.1,0%,---,5,SnS
Improve,Earth Crystal: 40 |ElderDragonBlood: 1
SE,Steel Ice Dagger,35000z,196,Ice 180,7.5.9.4 7.5.9.9,0%,O--,5,SnS
Improve,Daora Claw: 2 |Daora Shell: 2 |DaoraDragonScale: 3
SSE,Steel Ice Dagger+,50000z,210,Ice 200,7.5.9.9 7.5.9.11.3,0%,---,5,SnS
Improve,Daora Horn: 2 |Daora Tail: 3 |ElderDragonBlood: 2
SSSR,Daora's Razor,90000z,266,Ice 320,7.5.9.11.3 7.5.9.11.6.2,0%,---,8,SnS
Improve,Daora Carapace: 4 |DaoraDragonScal+: 5 |Daora Jewel: 1
SSSLE,Daora's Maelstrom,130000z,378,Ice 350,7.5.9.11.6.2 7.5.9.11.6.4.3,0%,O--,10,SnS
Improve,Hard Daora Horn: 2 |Lthr Daora Tail: 3 |Hvy Daora Shell: 5 |BigEDragonJewel: 1
SSSE,Twin Nails,50000z,238,Fir 300 Ice 300,3.7.15.5 3.7.15.7.3,0%,---,5,DS
Improve,Fire Dragon Claw: 1 |Daora Webbing: 3 |Fire Drgn Webbng: 3
Create,Daora Claw: 2 |Fire Dragon Claw: 2 |Teostra Mane: 3 |Commendation G: 2
SSSSE,Twin Nails+,90000z,252,Fir 400 Ice 400,3.7.15.7.3 3.7.15.7.5.3,0%,---,8,DS
Improve,Daora Sharp Claw: 2 |Fire Dragon Claw: 3 |Daora Jewel: 1 |Fire Drgn Jwl: 1
SSSSSE,*Fire and Ice,130000z,350,Fir 450 Ice 450,3.7.15.7.5.3 3.7.15.7.5.6.2,0%,---,10,DS
Improve,HrdFireDrgnClaw: 2 |Daora Sharp Claw: 3 |ThckDaoraDrgnScl: 5 |BigEDragonJewel: 2
,Rex Talon,5000Z,238,,20.1.3.10.1 20.1.3.10.5.1,-25%,---,5,SnS
Create,Tigrex Claw: 4 |Tigrex Fang: 8 |Tigrex Shell: 3 |Pokke Ticket: 1
R,Tigrex Sword,80000z,308,,20.1.3.10.5.1 20.1.3.10.5.4.2,-25%,---,7,SnS
Improve,Tigrex Claw+: 4 |Tigrex Claw: 10 |Tigrex Carapace: 3
LE,*Tigrex Sword+,125000z,406,,20.1.3.10.5.4.2 20.1.3.10.5.4.2,-25%,---,10,SnS
Improve,Hard Tigrex Claw: 4 |Hvy Tigrex Fang: 4 |Hvy Tigrex Shell: 3 |HvnlyTigrexScale: 1
E,Hidden Edge,80000z,266,,5.3.13.12.6.1 5.3.13.12.6.4.2,50%,O--,7,SnS
Create,Narga Scale+: 6 |Black Narga Pelt: 8 |Narga Tail Spike: 4 |Narga Brain Stem: 1
Improve,Narga Scale+: 4 |Narga Tail Spike: 4 |Black Narga Pelt: 6
SE,*Midnight Blades,120000z,336,,5.3.13.12.6.4.2 5.3.13.12.6.4.2,50%,OO-,10,SnS
Create,ThickNargaScale: 6 |HvyNargaTailSpik: 10 |StrNargaCttngWng: 4 |HvnlyNargaScale: 1
Improve,ThickNargaScale: 4 |HvyNargaTailSpik: 8 |BlackNargaPelt+: 4 |Narga Brain Stem: 2
,Black Belt Sword,6000z,196,,13.1.3.13 13.1.3.13,0%,OO-,4,SnS
Create,Blackbelt Ticket: 8 |Yian Garuga Coin: 10 |Khezu Coin: 10 |Cephadrome Coin: 10
E,Expert Sword,20000z,238,Par 120,13.1.3.13 13.1.3.16.2,0,OOO,8,SnS
Improve,Expert Ticket: 15 |Fire Coin: 10 |Hrd Monster Bone: 4
SE,Warrior's Sword,75000z,336,Par 140,13.1.3.16.6.1 13.1.3.16.6.4.2,0%,OOO,10,SnS
Improve,Hvy Monster Bone: 4 |Legend Coin G: 2 |BlackBeltCoinG: 8 |Commendation G: 1
,Hero's Blade Replica,5000z,140,,7.5.3 7.5.8,20%,O--,4,SnS
Create,Hero of Kkto Bio: 1 |Black Pearl: 2
R,Master's Replica,10000z,196,,1.2.3.14 1.2.3.19,30%,OO-,5,SnS
Improve,Pokke Ticket: 1 |Monoblos Heart: 1
E,*Legendary Replica,10000z,238,,9.1.3.7 9.1.3.12,0%,OO-,5,DS
Improve,Pokke Ticket: 1 |ElderDragonBlood: 1 |Commendation: 1
,Rusted Replica,5000z,126,,7.5.8 7.5.9.4,0%,OO-,4,SnS
Create,Hero of JumboBio: 1 |Light Crystal: 2
E,Eternal Replica,10000z,182,Drg 120,5.3.13.9 5.3.13.12.2,0%,OOO,5,SnS
Improve,Pokke Ticket: 1 |Eldr Dragon Bone: 3 |Lao-Shan's Scale: 3
,Black Sword,15000z,210,Drg 200,10.9.6 10.9.8.3,0%,---,5,SnS
Create,Dark Stone: 1 |Dark Piece: 4 |Pokke Ticket: 1
R,Black Dragon Sword,100000z,294,Drg 240,7.5.9.9 7.5.9.11.3,-20%,---,8,SnS
Improve,Fatalis Horn: 3 |Fatalis Scale: 7 |Chameleos Jewel: 1
LE,*True Blk Dragon Swd,150000z,392,Drg 280,7.5.9.11.3 7.5.9.11.6.2,-10%,O--,10,SnS
Improve,HardFatalisHorn: 2 |ThckFatalisScale: 5 |BigEDragonJewel: 1
R,Black Ruiner Sword,100000z,280,Drg 300,7.5.9.11.3 7.5.9.11.6.2,-20%,---,8,SnS
Improve,Fatalis CrmsnHrn: 2 |Fatalis CrmsnScl: 6 |Daora Jewel: 2
LE,*True Blk Ruiner Swd,150000z,350,Drg 340,7.5.9.11.6.2 7.5.9.11.6.4.3,-20%,---,10,SnS
Improve,HrdFatlisCrmHorn: 2 |ThckFatlisCrmScl: 6 |BigEDragonJewel: 2
E,Double Dragon,20000z,210,Drg 220,8.5.5.4 8.5.5.9,0%,---,5,DS
Improve,Lao-Shan's Scale: 2 |Lao-Shan's Shell: 2 |Dark Piece: 5
SE,Dual Dragon Ultimus,90000z,266,Drg 270,8.5.5.8 8.5.5.12,0%,O--,7,DS
Improve,Lao-ShanCarapace: 5 |Lao-Shan Scale+: 7 |Dark Stone: 3
SSE,Ultimus Heaven&Earth,100000z,280,Drg 300,8.5.5.15.3 8.5.5.15.5.2,0%,O--,8,DS
Improve,Azure LaoS Horn: 2 |Fatalis CrmsnHrn: 2 |Fatalis DevilEye: 4
SSSE,*Dual Dragon Ultimus+,150000z,336,Drg 320,7.5.5.16.5.2 7.5.5.16.5.5.2,0%,OO-,10,DS
Improve,Lao-Shan'sHvyShl: 4 |HrdFatlisCrmHorn: 2 |Lao-ShanHvnlyScl: 1 |Fatalis Evil Eye: 2
,Flaming Pair,40000z,238,Drg 100,7.5.5.13 7.5.5.16.2,0%,---,5,DS
Create,Lao-Shan's Horn: 2 |Lao-Shan's Scale: 2 |Lao-Shan's Claw: 2 |Firestone: 4
R,Crimson Lotus Blades,95000z,308,Drg 150,7.3.8.13.4 7.3.8.13.5.4,0%,---,8,DS
Improve,Lao-Shan's Horn: 4 |Fire Dragon Pwdr: 2 |Lao-Shan's Ruby: 1
LE,Demonic Flaming Pair,120000z,350,Drg 180,9.1.3.17.5 9.1.3.17.5.5,0%,---,9,DS
Improve,Azure LaoS Horn: 2 |Azure LaoS Shell: 6 |Lao-Shan'sThkScl: 4
LSE,*Azure Dual Swords,140000z,378,Drg 210,7.3.8.13.5.4 7.3.8.13.5.6.3,0%,---,10,DS
Improve,Azure LaoS Horn: 4 |Azure LaoS Claw: 2 |Hvy Gaoren Spine: 4 |Lao-ShanHvnlyScl: 1
E,Blue Ogre Sword,85000z,266,Drg 10,1.2.3.24 1.2.3.25.4,0%,OO-,8,SnS
Create,Azure LaoS Horn: 2 |Azure LaoS Shell: 5 |Lao-Shan's Claw: 4 |Commendation: 1
Improve,Azure LaoS Horn: 1 |Azure LaoS Shell: 3 |Lao-Shan Scale+: 5
SE,Azure Ogre Sword,95000z,182,Drg 500,1.2.3.25.4 1.2.3.25.7.2,0%,OO-,8,SnS
Improve,Azure LaoS Horn: 2 |Lao-Shan's Ruby: 1 |Gaoren Thoracic: 5
SSR,Ultimus Heaven&Earth,(same above),208
SSE,*Indigo Ogre Sword,140000z,196,Drg 520,1.2.3.25.7.2 1.2.3.25.7.5.2,0%,OO-,10,SnS
Improve,Lao-Shan'sHvyShl: 5 |Azure LaoS Claw: 2 |Lao-ShanHvnlyScl: 1 |Yamatsukami Fluid: 3
,*Shining WyvernBlade,95000z,336,,2.5.18.5.5 2.5.18.5.7.3,0%,---,8,SnS
Create,Pokke Ticket+: 2 |Gld Rathian Cpc: 5 |Slvr Rthlos Cpc: 5 |Tigrex Carapace: 5
,*UkanlosDiggngClws,150000z,490,Ice 120 Def+10,20.1.3.10.1 20.1.3.10.5.1,-30%,---,10,SnS
Create,StrongUkanlosFin: 2 |Ucamulbas Fang: 3 |HvyUkanlosShell: 5 |Ukanlos Stone: 1
,*Ms. M.H. Puppet,6300z,196,Par 80,10.9.8.3.4.7.4 10.9.8.3.4.7.4,0%,OO-,9,SnS
Create,SpecPuppetTicket: 5 |Commendation S: 2 |AncientDrgnwood: 1
,Rex Slicers,35000z,238,,15.3.9.7.1 15.3.9.7.4.2,-25%,---,5,DS
Create,Tigrex Claw: 6 |Tigrex Fang: 2 |Tigrex Scale: 2 |Pokke Ticket: 1
R,Tigrex Claws,80000z,308,,15.3.9.7.4.2 15.3.9.7.4.5.2,-25%,---,7,DS
Improve,Tigrex Claw+: 6 |Tigrex Fang+: 2 |Tigrex Scale: 10
LE,*Tigrex Claws+,125000z,406,,15.3.9.7.4.5.2 15.3.9.7.4.5.2,-25%,---,10,DS
Improve,Hard Tigrex Claw: 6 |Hvy Tigrex Fang: 2 |ThickTigrexScale: 4 |HvnlyTigrexScale: 1
E,Hidden Ones,80000z,266,,8.5.5.15.5.2 8.5.5.15.5.5.2,50%,O--,7,DS
Improve,NargaCuttingWing: 4 |Narga Scale+: 2 |Nargacuga Fang+: 4
Create,NargaCuttingWing: 8 |Narga Scale+: 4 |Narga Brain Stem: 1 |Hrd Monster Bone: 4
SE,*Ebony Wings,120000z,336,,8.5.5.15.5.5.2 8.5.5.15.5.5.2,50%,OO-,10,DS
Improve,StrNargaCttngWng: 8 |ThickNargaScale: 4 |Narga Brain Stem: 2 |Hvy Monster Bone: 4
Create,StrNargaCttngWng: 10 |ThickNargaScale: 6 |HvyNargacugaFang: 4 |HvnlyNargaScale: 1
,Akantor Blades,100000z,350,,7.5.5.3 7.5.5.8,35%,---,8,DS
Create,Akantor Shell: 7 |Akantor Claw: 7 |Akantor Scale: 2 |Hrd Monster Bone: 8
E,*Akantor Shadow Claws,145000z,462,,7.5.5.8 7.5.5.13,35%,---,10,DS
Improve,Ukanlos Stone: 1 |Lg WyvernStone: 3 |Akantor Claw: 5 |Akantor Scale: 7
,Worn Blades,1000z,168,,12.3 12.5.3,0%,---,6,DS
Create,Sm Ancient Stone: 1
E,Weathered Blades,12500z,182,,12.5.3 12.5.5.3,0%,---,6,DS
Improve,Earth Crystal: 20
SR,Eternal Schism,60000z,182,Drg 480,12.5.5.10.3 12.5.5.10.8,-20%,O--,7,DS
Improve,Earth Crystal: 40 |ElderDragonBlood: 5 |WyvernStone: 10
SLE,*Eternal Sacrifice,140000z,182,Drg 510,7.3.8.13.4 7.3.8.13.5.4,0%,O--,9,DS
Improve,Purecrystal: 15 |ElderDragonBlood: 10 |Commendation G: 1 |Lg WyvernStone: 5
SE,Hi Twin Daggers,55000z,224,Ice 350,3.7.15.5 3.7.15.7.3,0%,O--,6,DS
Improve,Carbalite Ore: 15 |Daora Webbing: 8 |ElderDragonBlood: 5
SSE,*Silhouette Sabers,80000z,238,Ice 400,3.7.15.7.3 3.7.15.7.5.3,0%,OOO,7,DS
Improve,DaoraDragonScal+: 10 |Union Ore: 10 |Machalite Ore: 20
,dummy (Iron Fans "Gavas"),350z,168,Def+10,9.8.8 9.8.8.5,20%,O--,4,DS
Create,dummy: 5 |Machalite Ore: 8 |Pnk Rathian Scl: 6 |Rainbow Insect: 4
E,dummy (100 Gavas Twin Fans),350z,224,Def+15,9.8.8.5 9.8.8.7.3,20%,O--,6,DS
Improve,dummy: 5 |Union Ore: 5 |Pnk Rathian Scl+: 6
SE,dummy (10000Gavas Twin Fans),350z,280,Slp 20 Def+15,8.13.6.4.3.1 8.13.6.4.3.6,30%,O--,9,DS
Improve,dummy: 3 |Coma Sac: 2 |ThckPnkRathnScl: 5 |Mellanje Ore: 5
,Felyne and Melynx,6300z,140,Par 20,8.13.6.4.3.1 8.13.6.4.3.6,0%,OO-,4,DS
Create,Puppet Ticket: 5 |Pokke Ticket: 2 |FlynMealPassReg: 2 |Dragonwood: 2
E,*Felyne and Melynx+,6300z,210,Par 20,3.7.15.7.5.3 3.7.15.7.5.6.2,0%,OOO,9,DS
Improve,Commendation G: 2 |Felyne Fur Ruby: 5 |Thunderbug Jelly: 5 |AncientDrgnwood: 4
,Black Twin Daggers,15000z,196,Drg 120,12.5.5.3 12.5.5.8,0%,---,5,DS
Create,Dark Stone: 1 |Dark Piece: 4 |Pokke Ticket: 1
R,Fatalis Dual Blades,100000z,294,Drg 350,12.5.5.8 12.5.5.10.3,-10%,---,8,DS
Improve,Fatalis Horn: 2 |Fatalis Shell: 4 |Daora Jewel: 1
LE,*Fatalis Dual Sky,150000z,364,Drg 380,9.8.8.7.3 9.8.8.7.4.4,-20%,---,10,DS
Improve,HardFatalisHorn: 2 |Hvy Fatalis Shl: 4 |BigEDragonJewel: 1
E,Ultimus Celestials,100000z,280,Drg 200 Thn 200,3.7.15.7.3 3.7.15.7.5.3,0%,---,8,DS
Improve,Fatalis Horn: 2 |Wht Fatalis Horn: 2 |Fatalis DevilEye: 2 |Chameleos Jewel: 3
SE,*Ultimus Apocalypse,150000z,364,Drg 300 Thn 300,3.7.15.7.5.3 3.7.15.7.5.6.2,0%,---,10,DS
Improve,HardFatalisHorn: 2 |HrdWhtFatlisHorn: 2 |Fatalis Evil Eye: 2 |BigEDragonJewel: 3
,*UkanlosRuinerBlades,150000z,490,Ice 120 Def+10,15.3.8.5.1 15.3.8.5.2.1,-30%,---,10,DS
Create,StrongUkanlosFin: 4 |UkanlosUnderscl: 6 |UkanlosShovelJaw: 2 |Ukanlos Stone: 1
,*dummy (Red Lobster Claws),25000z,322,Wat 500,7.6.6.5.3.3 7.6.6.5.3.4.3,0%,---,9,DS
Create,dummy: 2 |Gt Lobstershell: 1 |HrdHermitaurClaw: 4
,*Hunter's Dagger G,100000z,392,,8.2.9.12.7.2 8.2.9.12.7.4.3,0%,---,9,SnS
Create,Commendation G: 1 |Iron Ore: 40 |Machalite Ore: 20 |Eltalite Ore: 10
,*Chief Kris G,100000z,392,,5.3.13.12.6.1 5.3.13.12.6.4.2,0%,---,9,SnS
Create,Commendation G: 1 |Sm Monster Bone: 20 |Stout Bone: 10 |RobustWyvernBone: 8
,*Tarnished Sword G,100000z,448,,10.9.6 10.9.8.3,0%,---,9,SnS
Create,Commendation G: 1 |Small Ruststone: 5
,*Snake Bite G,100000z,392,,5.3.13.12.6.1 5.3.13.12.6.4.2,0%,---,9,SnS
Create,Commendation G: 1 |Giaprey Scale+: 10 |Giaprey Hide: 50 |RobustWyvernBone: 10
,*Deathprize G,100000z,322,Par 260,8.2.9.12.7.2 8.2.9.12.7.4.3,0%,OO-,9,SnS
Create,Commendation G: 1 |Genprey Scale+: 10 |Genprey Fang: 30 |Thunderbug Jelly: 8
,*Deadly Poison G,100000z,336,Poi 360,13.1.3.16.6.1 13.1.3.16.6.4.2,0%,O--,9,SnS
Create,Commendation G: 1 |Ioprey Scale+: 10 |Ioprey Fang: 30 |DeadlyPoisonSac: 8
,*Velocidrome Bite G,100000z,378,,13.1.3.16.6.1 13.1.3.16.6.4.2,0%,OO-,9,SnS
Create,Commendation G: 1 |Velocidrome Clw+: 10 |Velocidrome Hide: 15 |RobustWyvernBone: 10
,*Poison Battleaxe G,100000z,364,Poi 240,5.3.13.12.6.1 5.3.13.12.6.4.2,0%,---,9,SnS
Create,Commendation G: 1 |SpecRubberyHide+: 5 |Med Monster Bone: 20 |Toxin Sac: 10
,*Thunderbane G,100000z,364,Thn 190,5.3.13.12.6.1 5.3.13.12.6.4.2,0%,O--,9,SnS
Create,Commendation G: 1 |SpecRubberyHide+: 5 |Eldr Dragon Bone: 5
,*Sandman Finsword G,100000z,294,Slp 230,7.5.9.11.6.2 7.5.9.11.6.4.3,0%,O--,9,SnS
Create,Commendation S: 1 |SpecPlesiothFin+: 5 |Cephalos Fin+: 5 |Sleepyfish: 10
,*Monoblos Club G,100000z,378,,13.1.3.16.6.1 13.1.3.16.6.4.2,20%,---,9,SnS
Create,Commendation S: 1 |Top-GrdRedHorn: 2 |MonoblosThoracic: 4 |Hvy Monster Bone: 8
,*Spiked Bat G,100000z,378,,8.2.9.12.7.2 8.2.9.12.7.4.3,20%,O--,9,SnS
Create,Commendation S: 1 |StoutWarpedHorn: 2 |HvyDiablosSpine: 3 |Blos Fang: 15
,*Kirin Bolt G,100000z,364,Thn 230 Def+2,2.5.18.5.7.3 2.5.18.5.7.4.4,0%,---,9,SnS
Create,Commendation S: 1 |Kirin Horn: 3 |Kirin Mane: 15 |SpecRubberyHide+: 5
,*Kirin Bolt+ G,100000z,350,Thn 280 Def+6,5.3.13.12.2 5.3.13.12.6.1,0%,---,9,SnS
Create,Commendation S: 1 |Kirin Horn: 5 |Platinum Mane: 3 |Rubbery Hide: 20
,*Kirin Bolt Indora G,100000z,350,Thn 200,5.3.13.12.6.1 5.3.13.12.6.4.2,0%,OO-,9,SnS
Create,Commendation S: 1 |HrdPuGypcerosWng: 5 |Thunder Sac: 10 |KhezuChoiceSteak: 1
,*Djinn G,100000z,350,Fir 310,8.2.9.12.7.2 8.2.9.12.7.4.3,0%,---,9,SnS
Create,Commendation S: 1 |FireWyvernFluid: 20 |Hrd Rathalos Scl: 5 |Rathalos Ruby: 1
,*Catburglar G,100000z,294,Par 300,8.2.9.12.4 8.2.9.12.7.2,0%,---,9,SnS
Create,Commendation G: 1 |Pawprint Stamp: 10 |Barrel Lid: 5 |Thunderbug Jelly: 15
,*Eternal Strife G,100000z,196,Drg 520,5.3.13.12.2 5.3.13.12.6.1,0%,---,9,SnS
Create,Commendation S: 1 |Sm Ancient Stone: 3 |ElderDragonBlood: 10 |Lg WyvernStone: 3
,*Odyssey G,100000z,336,Wat 300,20.1.3.10.5.1 20.1.3.10.5.4.2,0%,O--,9,SnS
Create,Commendation G: 1 |Eltalite Ore: 5 |HvyGraviosShell: 8 |Rathian Plate: 5
,*Osteon Pick G,100000z,378,Def+10,2.5.18.5.7.3 2.5.18.5.7.4.4,0%,OO-,9,SnS
Create,Commendation G: 1 |Brute Bone: 50 |Monster Bone+: 10 |Massive Bone: 8
,*Poison Battleaxe G,100000z,364,,5.3.13.12.6.1 5.3.13.12.6.4.2,0%,OOO,9,SnS
Create,Commendation G: 1 |Velociprey Scale+: 10 |Velociprey Fang: 30 |RobustWyvernBone: 10
,*Millennium Knife G,100000z,308,,13.1.3.16.6.1 13.1.3.16.6.4.2,20%,---,9,SnS
Create,Commendation G: 1 |Eltalite Ore: 5 |FlynMealPassPlus: 10 |Purecrystal: 2
,*Hi Frost Edge G,100000z,322,Ice 420,5.3.13.12.6.4.2 5.3.13.12.6.4.2,0%,OO-,9,SnS
Create,Commendation G: 1 |Ice Crystal: 20 |Purecrystal: 2 |HvyBlangongaFang: 4
,*Deadly Battleaxe G,100000z,350,Poi 350,5.3.13.12.6.1. 5.3.13.12.6.4.2,0%,---,9,SnS
Create,Commendation S: 1 |Pur Gypceros Wng: 10 |HardGypcerosHead: 1 |Poison Sac: 20
,*High Sandman Spike G,100000z,280,Slp 320,7.5.9.11.6.2 7.5.9.11.6.4.3,0%,OO-,9,SnS
Create,Commendation S: 1 |SpecGrnPlesioFn+: 5 |Coral Cphlos Fin: 5 |Coma Sac: 5
,*Blazing Falchion G,100000z,336,Fir 380,7.5.9.11.6.2 7.5.9.11.6.4.3,0%,OO-,10,SnS
Create,Commendation S: 1 |StrRathalosWing: 2 |HvyRathalosShl: 5 |FireWyvrn Marrow: 5
,*Corona G,100000z,322,Fir 440,7.5.9.11.6.2 7.5.9.11.6.4.3,0%,O--,10,SnS
Create,Commendation S: 1 |Hrd Rathalos Scl: 8 |Blazing Fire Sac: 5 |Rathalos Plate: 5
,*Queen Rapier G,100000z,322,Poi 420,8.2.9.12.7.2 8.2.9.12.7.4.3,15%,OO-,10,SnS
Create,Commendation S: 1 |Rathian Carapace: 8 |Rathian Spike+: 5 |DeadlyPoisonSac: 5
,*Hi Ninja Sword G,100000z,336,,1.2.3.25.7.2 1.2.3.25.7.5.2,40%,---,10,SnS
Create,Commendation S: 1 |Hard Daora Horn: 2 |SpecRemobraSkin+: 10 |Commendation: 10
,*Thor's Dagger G,100000z,336,Thn 390 Def+16,5.3.13.12.6.1 5.3.13.12.6.4.2,0%,OO-,10,SnS
Create,Commendation S: 1 |Kirin Azure Horn: 3 |SpecialKirinHide: 5 |HrdPuGypcerosWng: 5
,*Melynx Tool G,100000z,280,Par 380,5.3.13.12.2 5.3.13.12.6.1,0%,O--,10,SnS
Create,Commendation G: 1 |FlynMealPassPlus: 10 |Felyne Fur Ruby: 5 |Yamatsukami Fluid: 3
,*Shakalaka Saber G,100000z,280,Poi 450,10.9.8.3.4.1 10.9.8.3.4.6,0%,OO-,10,SnS
Create,Commendation G: 1 |ShakaInheritance: 10 |ShakalakaTreasr+: 3 |DeadlyPoisonSac: 5
,*Master's Blade G,100000z,364,,1.2.3.25.7.2 1.2.3.25.7.5.2,40%,OO-,10,SnS
Create,Commendation S: 1 |Commendation G: 5 |Monoblos Heart: 3 |Ukanlos Stone: 1
,*Eternal ReplicaG,100000z,350,Drg 120,5.3.13.12.6.1 5.3.13.12.6.4.2,0%,OOO,10,SnS
Create,Commendation S: 1 |Commendation G: 5 |Purecrystal: 5 |Lao-ShanHvnlyScl: 1
,*ShiningWyvernBlade G,100000z,406,,2.5.18.5.7.3 2.5.18.5.7.4.4,0%,---,10,SnS
Create,Commendation S: 1 |HvyGldRathianShl: 10 |HvySlvrRthlsShl: 10 |Lg WyvernStone: 5
,*Bone Scythe G,100000z,392,,7.3.8.13.5.4.0 7.3.8.13.5.6.3,0%,O--,9,DS
Create,Commendation G: 1 |Brute Bone: 30 |Piercing Claw: 8 |Tigrex Claw+: 5
,*Worn Blades G,100000z,448,,9.8.8.0 9.8.8.5,0%,---,9,DS
Create,Commendation G: 1 |Sm Ancient Stone: 3
,*Velociprey Claws G,100000z,364,,7.3.8.13.5.4.0 7.3.8.13.5.6.3,0%,OOO,9,DS
Create,Commendation G: 1 |Velocidrome Clw+: 10 |HrdFireWyvernClw: 3 |Velocidrome Head: 5
,*White Death G,100000z,350,Ice 300,7.3.8.13.5.4.0 7.3.8.13.5.6.3,0%,---,9,DS
Create,Commendation G: 1 |Giadrome Claw+: 10 |HvyBlangongaFang: 3 |Giadrome Skull: 5
,*Dual Tomahawk G,100000z,420,,3.7.15.7.3.0 3.7.15.7.5.3,0%,---,9,DS
Create,Commendation G: 1 |Antiseptic Stone: 10 |Dragonite Ore: 15 |Eltalite Ore: 10
,*Insector G,100000z,350,,7.5.5.16.5.5.2.0 7.5.5.16.5.5.2,0%,---,9,DS
Create,Commendation G: 1 |Vspoid Razorwing: 8 |Vespoid Carapace: 15 |HornetaurInnrWng: 20
,*Glutton's Set G,100000z,322,,15.3.9.7.4.5.2.0 15.3.9.7.4.5.2,20%,OO-,9,DS
Create,Commendation G: 1 |FlynMealPassReg: 10 |Mellanje Ore: 8 |StrBasariosWing: 2
,*Spatula Set G,100000z,336,Def+10,15.3.9.7.4.2.0 15.3.9.7.4.5.2,0%,OOO,9,DS
Create,Commendation G: 1 |FlynMealPassPlus: 10 |Eltalite Ore: 10 |HvyBasariosShell: 6
,*Holy Saber G,100000z,364,Wat 190,7.3.8.13.5.4.0 7.3.8.13.5.6.3,0%,O--,9,DS
Create,Commendation G: 1 |Purecrystal: 4 |Carbalite Ore: 15 |Killer Beetle: 25
,*Cyclone G,100000z,378,,7.5.5.16.5.2.0 7.5.5.16.5.5.2,0%,OO-,9,DS
Create,Commendation G: 1 |Earth Crystal: 35 |Carbalite Ore: 20 |Mellanje Ore: 10
,*Dual Kut-Ku G,100000z,364,Fir 150,3.7.15.7.5.3.0 3.7.15.7.5.6.2,0%,OO-,9,DS
Create,Commendation G: 1 |Lucky Kut-Ku Ear: 4 |Kut-Ku Scale+: 10 |Blazing Fire Sac: 4
,*Funky Maracas G,100000z,378,Def+14,3.7.15.7.5.3.0 3.7.15.7.5.6.2,0%,OO-,9,DS
Create,Commendation G: 1| HrdCongalalaPlt+:8|Lg Pelagus Fang: 4 |Conga Pelt+: 16
,*PrototypeSaw-Slicr G,100000z,364,Thn 100,9.1.3.17.5.5.0 9.1.3.17.5.6.4,0%,---,9,DS
Create,Commendation G: 1 |Kirin Azure Horn: 5 |Rubbery Hide+: 20 |Lightning Sac: 8
,*Cutlass G,100000z,350,Wat 230 Def+15,7.3.8.13.5.4.0 7.3.8.13.5.6.3,0%,OO-,9,DS
Create,Commendation S: 1 |ThckPlesiothScl: 7 |Plesioth Fin+: 10 |Cephalos Scale+: 15
,*Limb Cutter G,100000z,336,,12.5.5.10.8.3.2.0 12.5.5.10.8.3.2,20%,OO-,9,DS
Create,Commendation G: 1 |HrdCeanataurClaw: 4 |HvyCeanataurLeg: 2 |Ceanataur Carpce: 10
,*Dual Diablo G,100000z,406,Def+12,12.5.5.10.8.0 12.5.5.10.8.3.2,-5%,OO-,9,DS
Create,Commendation S: 1 |Majestic Horn: 4 |MonoblosCarapace: 8 |Diables Hrd Tail: 3
,*Silhouette Sabers G,100000z,336,Ice 400,3.7.15.7.5.3.0 3.7.15.7.5.6.2,0%,OOO,10,DS
Create,Commendation S: 1 |ThckDaoraDrgnScl: 5 |Eltalite Ore: 10 |ElderDragonBlood: 10
,*Gradios Ultimus G,100000z,336,Fir 350,9.8.8.7.4.4.0 9.8.8.7.4.6.3,0%,O--,10,DS
Create,Commendation S: 1 |StrRathalosWing: 3 |Rathian Thorn: 3 |FireWyvrn BrnStm: 5
,*Kirin Bolts G,100000z,336,Thn 250 Def+12,3.7.15.7.5.3.0 3.7.15.7.5.6.2,0%,O--,10,DS
Create,Commendation S: 1 |Kirin Azure Horn: 3 |Kirin Horn: 3 |LthrKirinThndrTl: 5
,*CrimsonLotusBlades G,100000z,364,Drg 150,7.3.8.13.5.4.0 7.3.8.13.5.6.3,0%,---,10,DS
Create,Commendation S: 1 |Lao-Shan's Horn: 2 |Lao-Shan'sHvyShl: 6 |ThckFireDrgnScl: 6
,*DualDragonUltimus G,100000z,350,Drg 270,7.5.5.16.5.2.0 7.5.5.16.5.5.2,0%,O--,10,DS
Create,Commendation S: 1 |Lao-Shan'sThkScl: 5 |ThckFatalisScale: 5 |Dark Stone: 10
,*Legendary Blades G,100000z,392,,9.1.3.17.5.5.0 9.1.3.17.5.6.4,0%,OO-,10,DS
Create,Commendation S: 1 |Commendation G: 5 |ElderDragonBlood: 10 |Ukanlos Stone: 1
